-- phpMyAdmin SQL Dump
-- version 5.0.2
-- https://www.phpmyadmin.net/
--
-- Hôte : 127.0.0.1
-- Généré le : mar. 20 oct. 2020 à 16:45
-- Version du serveur :  10.4.14-MariaDB
-- Version de PHP : 7.4.10

SET SQL_MODE = "NO_AUTO_VALUE_ON_ZERO";
START TRANSACTION;
SET time_zone = "+00:00";


/*!40101 SET @OLD_CHARACTER_SET_CLIENT=@@CHARACTER_SET_CLIENT */;
/*!40101 SET @OLD_CHARACTER_SET_RESULTS=@@CHARACTER_SET_RESULTS */;
/*!40101 SET @OLD_COLLATION_CONNECTION=@@COLLATION_CONNECTION */;
/*!40101 SET NAMES utf8mb4 */;

--
-- Base de données : `abi`
--

-- --------------------------------------------------------

--
-- Structure de la table `contact`
--

CREATE TABLE `contact` (
  `id` int(11) NOT NULL,
  `role` varchar(45) DEFAULT NULL,
  `lastname` varchar(45) NOT NULL,
  `firstname` varchar(45) DEFAULT NULL,
  `phone` varchar(15) DEFAULT NULL,
  `email` varchar(45) DEFAULT NULL,
  `picture` varchar(255) DEFAULT NULL,
  `customer_id` int(11) NOT NULL
) ENGINE=InnoDB DEFAULT CHARSET=utf8mb4;

--
-- Déchargement des données de la table `contact`
--

INSERT INTO `contact` (`id`, `role`, `lastname`, `firstname`, `phone`, `email`, `picture`, `customer_id`) VALUES
(1, 'Assistant de justice', 'Vasseur', 'Éric', '0376490914', 'isaac.tessier@noos.fr', 'contact-1.jpeg', 5),
(2, 'Garçon de hall', 'Berger', 'Jérôme', '+33 (0)1 02 57 ', 'hardy.catherine@dbmail.com', 'contact-2.jpeg', 81),
(3, 'Façadier-ravaleur', 'Noel', 'Guy', '0504361679', 'voisin.xavier@lefevre.com', 'contact-3.jpeg', 16),
(4, 'Animateur web', 'Maillet', 'Thibault', '05 51 47 93 19', 'labbe.anais@leroy.com', 'contact-4.jpeg', 38),
(5, 'Extraction', 'Robin', 'Françoise', '+33 (0)6 30 41 ', 'jchauvin@cousin.fr', 'contact-5.jpeg', 16),
(6, 'Verrier à la main', 'Aubert', 'Thibault', '05 60 48 44 59', 'philippe28@dbmail.com', 'contact-6.jpeg', 30),
(7, 'Ouvrier serriste', 'Durand', 'François', '02 74 57 03 75', 'adrien.schneider@thierry.org', 'contact-7.jpeg', 74),
(8, 'Terminologue', 'Dupre', 'Gabriel', '+33 (0)3 84 76 ', 'pierre.dasilva@tele2.fr', 'contact-8.jpeg', 40),
(9, 'Portier', 'Buisson', 'Adrienne', '+33 4 59 17 92 ', 'lucas79@bouygtel.fr', 'contact-9.jpeg', 72),
(10, 'Chiropraticien', 'Bonnet', 'Raymond', '0931011427', 'xpierre@masson.fr', 'contact-10.jpeg', 11),
(11, 'Téléconseiller', 'Morel', 'Jules', '0375537226', 'odupuis@peltier.fr', 'contact-11.jpeg', 5),
(12, 'Opérateur de plateau', 'Costa', 'Michelle', '09 68 52 66 90', 'jerome72@tele2.fr', 'contact-12.jpeg', 9),
(13, 'Semencier', 'Bertin', 'Marc', '0944090376', 'franck27@leroux.fr', 'contact-13.jpeg', 36),
(14, 'Promotion des ventes', 'Marie', 'Stéphanie', '0113141192', 'gerard.bertrand@weiss.fr', 'contact-14.jpeg', 20),
(15, 'Terminologue', 'Schneider', 'Denis', '+33 (0)3 64 01 ', 'lucie.cordier@tiscali.fr', 'contact-15.jpeg', 84),
(16, 'Analyste télématique', 'Meunier', 'Claude', '+33 (0)1 81 70 ', 'francois61@herve.fr', 'contact-16.jpeg', 2),
(17, 'Vendeur carreau', 'Leduc', 'Maurice', '06 36 28 20 40', 'dumont.laurence@mary.net', 'contact-17.jpeg', 35),
(18, 'Staffeur', 'Collet', 'Thibault', '+33 (0)8 16 62 ', 'sabine14@voila.fr', 'contact-18.jpeg', 93),
(19, 'Solier-moquettiste', 'Lemoine', 'Marcelle', '08 10 92 58 46', 'rene66@laposte.net', 'contact-19.jpeg', 54),
(20, 'Dégustateur', 'Ruiz', 'Renée', '07 54 04 35 09', 'rgerard@guillaume.fr', 'contact-20.jpeg', 76),
(21, 'Potier', 'Huet', 'Robert', '+33 (0)4 62 69 ', 'richard.guillaume@club-internet.fr', 'contact-21.jpeg', 72),
(22, 'Vendeur carreau', 'Dumas', 'Charlotte', '+33 4 95 61 98 ', 'rpascal@hotmail.fr', 'contact-22.jpeg', 45),
(23, 'Doreur sur métaux', 'Jacob', 'Claire', '0798274758', 'allain.andre@tiscali.fr', 'contact-23.jpeg', 39),
(24, 'Preneur de son', 'Gautier', 'Laure', '+33 1 09 39 98 ', 'madeleine04@orange.fr', 'contact-24.jpeg', 75),
(25, 'Doreur sur métaux', 'Techer', 'Michel', '+33 (0)2 12 86 ', 'emilie99@laposte.net', 'contact-25.jpeg', 52),
(26, 'Porteur de journaux', 'Andre', 'Marie', '04 39 25 71 67', 'pgillet@dbmail.com', 'contact-26.jpeg', 78),
(27, 'Appareilleur-gazier', 'Raymond', 'Jules', '+33 (0)1 10 07 ', 'kperrier@boutin.net', 'contact-27.jpeg', 65),
(28, 'Hydrothérapie', 'Allard', 'Stéphanie', '+33 (0)4 85 89 ', 'nhoareau@laposte.net', 'contact-28.jpeg', 47),
(29, 'Flaconneur', 'Merle', 'Laurence', '+33 (0)2 71 85 ', 'qnavarro@renaud.com', 'contact-29.jpeg', 66),
(30, 'Endivier', 'Gonzalez', 'Rémy', '0897067919', 'collet.maurice@tiscali.fr', 'contact-30.jpeg', 51),
(31, 'Façadier-ravaleur', 'Guilbert', 'Gabriel', '05 69 77 96 61', 'diane38@marin.fr', 'contact-31.jpeg', 13),
(32, 'Ambassadeur', 'Perrin', 'Gérard', '+33 (0)4 79 43 ', 'adrienne.meunier@camus.fr', 'contact-32.jpeg', 42),
(33, 'Logopède', 'Fournier', 'Gilles', '02 33 58 87 69', 'honore.garnier@millet.fr', 'contact-33.jpeg', 59),
(34, 'Ramasseur d\'endives', 'Regnier', 'Bernard', '+33 8 10 75 18 ', 'pgomes@guillet.fr', 'contact-34.jpeg', 67),
(35, 'Technicien énergie', 'Muller', 'Franck', '08 09 43 57 90', 'marcelle.marchand@laposte.net', 'contact-35.jpeg', 67),
(36, 'Opérateur piquage', 'Adam', 'Brigitte', '+33 7 63 42 81 ', 'weiss.dominique@noos.fr', 'contact-36.jpeg', 49),
(37, 'Gendarme mobile', 'Bouchet', 'Bertrand', '0122094649', 'xlecomte@allain.fr', 'contact-37.jpeg', 57),
(38, 'Porion', 'Pichon', 'Patrick', '+33 9 81 64 33 ', 'torres.gilbert@tele2.fr', 'contact-38.jpeg', 42),
(39, 'Monteur audiovisuel', 'Joubert', 'Bernard', '0954356110', 'labbe.antoine@maillet.org', 'contact-39.jpeg', 8),
(40, 'Opérateur de plateau', 'Loiseau', 'Alexandria', '0408508778', 'penelope.rodrigues@guerin.com', 'contact-40.jpeg', 63),
(41, 'Téléconseiller', 'Deschamps', 'Marie', '+33 (0)6 04 51 ', 'couturier.zoe@tele2.fr', 'contact-41.jpeg', 4),
(42, 'Plaquiste enduiseur', 'Chauveau', 'Paul', '+33 3 47 72 84 ', 'gaillard.aurelie@alves.fr', 'contact-42.jpeg', 18),
(43, 'Kiwiculteur', 'Leblanc', 'Dorothée', '03 51 32 26 80', 'emace@renaud.org', 'contact-43.jpeg', 85),
(44, 'Armurier d\'art', 'Jacques', 'Michelle', '+33 6 24 25 26 ', 'constance.lamy@live.com', 'contact-44.jpeg', 64),
(45, 'Fromager', 'Besson', 'Gabriel', '+33 9 60 95 84 ', 'tcollet@boucher.com', 'contact-45.jpeg', 35),
(46, 'Menuisier', 'Gimenez', 'Suzanne', '+33 4 84 10 83 ', 'marguerite.germain@gallet.com', 'contact-46.jpeg', 43),
(47, 'Chanteur', 'Antoine', 'Matthieu', '+33 1 37 74 89 ', 'juliette.masson@live.com', 'contact-47.jpeg', 9),
(48, 'Conseiller culinaire', 'Diallo', 'Nathalie', '0273340615', 'boulay.antoinette@martins.com', 'contact-48.jpeg', 69),
(49, 'Pisteur secouriste', 'Rocher', 'Gérard', '07 60 82 33 39', 'slopes@neveu.com', 'contact-49.jpeg', 1),
(50, 'Façadier-ravaleur', 'Renaud', 'Étienne', '07 60 87 40 35', 'simone46@vallee.fr', 'contact-50.jpeg', 15),
(51, 'Médecin du sport', 'Courtois', 'Astrid', '0167846063', 'paulette.etienne@bonneau.net', 'contact-51.jpeg', 9),
(52, 'Recherche', 'Roche', 'Thibaut', '0437641079', 'mathieu.virginie@tiscali.fr', 'contact-52.jpeg', 22),
(53, 'Solier-moquettiste', 'Pineau', 'Maggie', '+33 (0)2 21 11 ', 'bmarion@dbmail.com', 'contact-53.jpeg', 42),
(54, 'Trieur de métaux', 'Petitjean', 'Martin', '+33 (0)6 15 48 ', 'arnaude24@clement.net', 'contact-54.jpeg', 45),
(55, 'Etainier', 'Costa', 'William', '0245549364', 'thibault.martineau@ifrance.com', 'contact-55.jpeg', 60),
(56, 'Opérateur vidéo', 'Peltier', 'David', '+33 2 34 32 33 ', 'laurent32@gros.net', 'contact-56.jpeg', 15),
(57, 'Logistique', 'Pierre', 'Virginie', '+33 (0)3 94 98 ', 'boutin.monique@hubert.net', 'contact-57.jpeg', 48),
(58, 'Employé d\'étage', 'Aubert', 'Émile', '0892819395', 'aguilbert@chauvet.fr', 'contact-58.jpeg', 89),
(59, 'Téléconseiller', 'Normand', 'Lucas', '+33 (0)8 01 04 ', 'jregnier@guillot.com', 'contact-59.jpeg', 85),
(60, 'Choréologue', 'Camus', 'Antoine', '+33 (0)2 47 51 ', 'roux.alex@dbmail.com', 'contact-60.jpeg', 71),
(61, 'Conducteur de jumbo', 'Barre', 'Sabine', '+33 (0)6 89 03 ', 'bertrand.hamel@free.fr', 'contact-61.jpeg', 40),
(62, 'Archéologue', 'Le Gall', 'Anastasie', '+33 (0)7 77 51 ', 'cpaul@peron.net', 'contact-62.jpeg', 64),
(63, 'Artiste dramatique', 'Bodin', 'Théophile', '0791321959', 'gilbert.hoareau@tele2.fr', 'contact-63.jpeg', 19),
(64, 'Géodésien', 'Poulain', 'Emmanuelle', '0458899028', 'blanc.simone@bertrand.com', 'contact-64.jpeg', 9),
(65, 'Technicien bovin', 'Laporte', 'Timothée', '+33 (0)6 22 63 ', 'thibault67@pereira.net', 'contact-65.jpeg', 32),
(66, 'Ingénieur du son', 'Briand', 'Bernard', '0161191967', 'prevost.jacques@ferrand.fr', 'contact-66.jpeg', 85),
(67, 'Extraction', 'Dubois', 'Alexandrie', '+33 9 39 99 26 ', 'sgauthier@tessier.com', 'contact-67.jpeg', 45),
(68, 'Artiste dramatique', 'Giraud', 'Lucie', '+33 2 83 18 08 ', 'plevy@yahoo.fr', 'contact-68.jpeg', 62),
(69, 'Cintrier-machiniste', 'Boutin', 'Christiane', '+33 4 84 34 91 ', 'martinez.danielle@buisson.com', 'contact-69.jpeg', 18),
(70, 'Animateur d\'écomusée', 'Thibault', 'Constance', '08 92 37 13 25', 'wwagner@bouvet.com', 'contact-70.jpeg', 41),
(71, 'Costumier-habilleur', 'Duhamel', 'Sabine', '0129129264', 'philippe25@gomes.org', 'contact-71.jpeg', 58),
(72, 'Pédopsychiatre', 'Clerc', 'Claude', '09 85 54 92 61', 'andree48@tele2.fr', 'contact-72.jpeg', 11),
(73, 'Agent d\'enquêtes', 'Klein', 'Aurore', '01 35 12 18 78', 'jacqueline45@voila.fr', 'contact-73.jpeg', 74),
(74, 'Médiateur judiciaire', 'Bourgeois', 'Yves', '0258577325', 'daniel.guillot@joseph.com', 'contact-74.jpeg', 92),
(75, 'Plaquiste enduiseur', 'Normand', 'Timothée', '+33 (0)8 95 44 ', 'kmahe@noos.fr', 'contact-75.jpeg', 90),
(76, 'Jointeur de placage', 'Lecomte', 'Manon', '+33 (0)3 33 86 ', 'colette54@club-internet.fr', 'contact-76.jpeg', 92),
(77, 'Téléconseiller', 'Maillet', 'Gilles', '+33 5 49 36 15 ', 'bcosta@ifrance.com', 'contact-77.jpeg', 15),
(78, 'Etancheur', 'Boulay', 'Roland', '+33 1 33 45 16 ', 'victoire45@bouygtel.fr', 'contact-78.jpeg', 31),
(79, 'Géomètre', 'Robin', 'Valérie', '02 84 97 44 21', 'elemonnier@orange.fr', 'contact-79.jpeg', 39),
(80, 'Récupérateur', 'Poirier', 'Claudine', '09 40 69 10 07', 'madeleine.lebrun@noos.fr', 'contact-80.jpeg', 18),
(81, 'Trieur de métaux', 'Samson', 'Françoise', '+33 9 33 11 01 ', 'frederic.carlier@yahoo.fr', 'contact-81.jpeg', 13),
(82, 'Coffreur béton armé', 'Letellier', 'Isaac', '02 97 80 41 81', 'robin.julien@noos.fr', 'contact-82.jpeg', 31),
(83, 'Pyrotechnicien', 'Jacob', 'Agathe', '09 95 06 16 10', 'gpierre@voila.fr', 'contact-83.jpeg', 9),
(84, 'Mouleur sable', 'Mahe', 'Marie', '09 23 97 47 92', 'thibault.bernard@tiscali.fr', 'contact-84.jpeg', 32),
(85, 'Vendeur en lingerie', 'Hebert', 'Alphonse', '0765405124', 'jacqueline90@ifrance.com', 'contact-85.jpeg', 77),
(86, 'Assistant styliste', 'Buisson', 'Isaac', '+33 (0)7 90 46 ', 'boulanger.roger@martins.com', 'contact-86.jpeg', 53),
(87, 'Maître de ballet', 'Thierry', 'Thérèse', '+33 8 27 58 85 ', 'simone.henry@petitjean.net', 'contact-87.jpeg', 27),
(88, 'Cueilleur de cerises', 'Didier', 'Camille', '+33 (0)2 04 41 ', 'mgomes@pascal.fr', 'contact-88.jpeg', 44),
(89, 'Mannequin détail', 'Letellier', 'Inès', '05 53 93 17 21', 'opaul@tiscali.fr', 'contact-89.jpeg', 42),
(90, 'Solier-moquettiste', 'Aubert', 'Robert', '0823949341', 'etecher@david.fr', 'contact-90.jpeg', 7),
(91, 'Toréro', 'Diallo', 'Pauline', '0242260649', 'slebreton@free.fr', 'contact-91.jpeg', 80),
(92, 'Bruiteur', 'Gaillard', 'Colette', '+33 (0)1 00 57 ', 'clanglois@sfr.fr', 'contact-92.jpeg', 74),
(93, 'Piqueur en ganterie', 'Loiseau', 'Inès', '0897552576', 'lecoq.richard@gimenez.org', 'contact-93.jpeg', 32),
(94, 'Ingénieur du son', 'Delmas', 'Agathe', '+33 1 56 26 95 ', 'bousquet.madeleine@colas.fr', 'contact-94.jpeg', 15),
(95, 'Monteur-frigoriste', 'Pierre', 'Charlotte', '0762402557', 'smarin@sfr.fr', 'contact-95.jpeg', 32),
(96, 'Diététique', 'Boucher', 'Laurent', '+33 9 41 20 83 ', 'tperrier@diaz.com', 'contact-96.jpeg', 11),
(97, 'Formateur d\'italien', 'Robin', 'Jacqueline', '0180280075', 'caroline08@sfr.fr', 'contact-97.jpeg', 83),
(98, 'Conseiller relooking', 'Merle', 'Guy', '0226778240', 'frederic.morel@sfr.fr', 'contact-98.jpeg', 28),
(99, 'Sculpteur sur verre', 'Coste', 'Philippe', '08 26 36 72 02', 'theodore22@voila.fr', 'contact-99.jpeg', 12),
(100, 'Marin grande pêche', 'Imbert', 'Renée', '04 68 82 90 70', 'francoise55@wanadoo.fr', 'contact-100.jpeg', 55);

-- --------------------------------------------------------

--
-- Structure de la table `customer`
--

CREATE TABLE `customer` (
  `id` int(11) NOT NULL,
  `company_name` varchar(45) NOT NULL,
  `address` varchar(45) DEFAULT NULL,
  `zip` varchar(5) DEFAULT NULL,
  `city` varchar(45) DEFAULT NULL,
  `income` int(11) DEFAULT NULL,
  `workforce` int(11) NOT NULL,
  `phone` varchar(15) DEFAULT NULL,
  `type` enum('Privée','Publique') DEFAULT NULL,
  `nature` enum('Principale','Secondaire','Ancienne') DEFAULT NULL,
  `comment` longtext DEFAULT NULL,
  `activity` varchar(45) DEFAULT NULL
) ENGINE=InnoDB DEFAULT CHARSET=utf8mb4;

--
-- Déchargement des données de la table `customer`
--

INSERT INTO `customer` (`id`, `company_name`, `address`, `zip`, `city`, `income`, `workforce`, `phone`, `type`, `nature`, `comment`, `activity`) VALUES
(1, 'Herve SAS', '58, rue Julie Robin', '49151', 'Auger-sur-Guillou', 619, 1586, '+33 (0)9 34 96 ', 'Publique', 'Ancienne', 'Unde mollitia in rerum laborum aut minus in harum adipisci consequatur facilis perferendis corrupti est dolorem non laborum ab omnis consequatur eos deserunt sit qui maxime impedit dolorum possimus odit eum hic et deleniti rerum eos modi repudiandae suscipit aut ab.', 'IT'),
(2, 'Hernandez Bruneau SAS', '75, rue Herve', '93 94', 'Adamboeuf', 910, 1349, '0945383409', 'Publique', 'Principale', 'Nemo soluta nihil labore minus molestiae deleniti suscipit voluptatem fuga blanditiis modi odit veritatis deserunt praesentium culpa qui recusandae totam perferendis alias dignissimos sunt nihil repellendus tempora mollitia.', 'Service'),
(3, 'Leveque et Fils', '41, impasse Philippine Breton', '63264', 'Fouquetdan', 595, 1184, '0100329291', 'Publique', 'Secondaire', 'Consectetur alias et distinctio officiis quia officia qui dolorum natus quos accusamus laboriosam blanditiis et iste accusantium ipsum quo voluptatibus ipsam omnis excepturi ratione corporis.', 'Conseil'),
(4, 'Benoit', 'avenue de Boyer', '10615', 'Briand-sur-Brunel', 431, 1411, '+33 (0)6 39 63 ', 'Privée', 'Ancienne', 'Est vel cumque facilis ea veritatis sequi dolore quo beatae provident omnis aut aliquam velit sed aut et nesciunt nobis excepturi dolorum qui optio voluptatem aliquid molestiae modi quos molestiae.', 'Vente'),
(5, 'Pons Dupuy SA', 'impasse de Legendre', '61789', 'Petitjean', 34, 2836, '+33 (0)7 71 63 ', 'Publique', 'Secondaire', 'Amet cupiditate suscipit nihil saepe eum rerum et quam odit id qui et aut eius a saepe occaecati cum minima sit est ut ipsum deleniti quos natus.', 'Conseil'),
(6, 'Petit', '13, avenue Stéphane Garnier', '98 49', 'Verdier', 735, 1844, '0157635161', 'Publique', 'Ancienne', 'Necessitatibus ut cupiditate ut provident aliquam et delectus qui itaque labore rerum perferendis incidunt veniam et quae fugiat pariatur esse et excepturi harum blanditiis officiis eos beatae ipsa perspiciatis totam officiis dolor similique optio rerum minima.', 'Industrie'),
(7, 'Ledoux', '48, place Claude Ruiz', '06103', 'Pires', 922, 2661, '05 34 75 42 08', 'Privée', 'Secondaire', 'Quaerat et deleniti sit ullam quod in animi nihil saepe corrupti omnis beatae ea hic ratione ut sed error voluptatibus aut quam ea nostrum at assumenda molestiae dolorum et qui quas qui voluptatem dignissimos maxime nihil iste est.', 'IT'),
(8, 'Hardy', '78, avenue de Morvan', '64380', 'Renard', 648, 667, '+33 4 29 33 74 ', 'Privée', 'Ancienne', 'Voluptatem est reprehenderit eveniet aut autem consequatur cumque et qui ex aliquid distinctio maxime quae eligendi nisi aut voluptatum.', 'Vente'),
(9, 'Normand S.A.', 'impasse Marion', '13082', 'Guilbert-les-Bains', 186, 815, '0253222394', 'Privée', 'Principale', 'Perspiciatis dignissimos recusandae non esse deserunt et dolores laborum hic corrupti voluptatem et optio quis tempora quia id temporibus doloremque adipisci iure distinctio voluptatem vitae ex facilis ut aut consequatur veniam eaque quam minus.', 'IT'),
(10, 'Dupont', '72, chemin de Dias', '69 88', 'Dumas-sur-Ollivier', 402, 1730, '+33 1 68 98 44 ', 'Privée', 'Ancienne', 'Nihil et quasi rerum sit nobis consequatur eum itaque qui voluptas architecto cupiditate est quo culpa est quaerat ex et nobis quaerat nostrum incidunt voluptas quia libero dolorem et porro velit non excepturi eos voluptas.', 'IT'),
(11, 'Monnier', '33, rue Arnaude Pires', '96282', 'Gimenez', 61, 469, '+33 6 92 84 25 ', 'Publique', 'Principale', 'Aut et quaerat et libero ullam totam quia velit consequuntur ex odio voluptas unde temporibus necessitatibus earum sint consequatur nobis voluptates repellendus soluta.', 'Conseil'),
(12, 'Payet S.A.S.', '98, rue Riou', '73 03', 'Olivier', 344, 161, '+33 (0)1 37 95 ', 'Publique', 'Principale', 'Ut libero tempora enim consequuntur voluptates exercitationem repellat incidunt labore tempora et fugit accusamus ab voluptatibus et consequuntur quam molestias qui porro.', 'Industrie'),
(13, 'Lambert Girard S.A.R.L.', '53, rue de Laporte', '86 13', 'Legros', 334, 732, '01 12 81 32 26', 'Publique', 'Principale', 'Commodi voluptas libero nesciunt totam dicta mollitia magnam et voluptas modi et consectetur ullam beatae quisquam nobis pariatur aliquid aut officia nihil temporibus officia incidunt sit reprehenderit non eum cupiditate in laborum nulla illum nam laudantium veritatis.', 'Service'),
(14, 'Hamel Torres SAS', '2, boulevard Pichon', '66 79', 'Loiseau', 911, 311, '01 32 64 32 15', 'Privée', 'Ancienne', 'Numquam eligendi ut expedita odit aut ea aut eligendi neque et placeat nemo explicabo consequatur fugit qui quibusdam animi velit blanditiis nesciunt nam ut cumque cupiditate exercitationem recusandae voluptas eum et recusandae ut inventore nesciunt distinctio eum nemo.', 'Conseil'),
(15, 'Da Silva', '94, boulevard Alphonse Tessier', '19 25', 'Delorme', 199, 2176, '+33 (0)1 03 81 ', 'Publique', 'Secondaire', 'Suscipit quo dolores voluptatibus voluptatibus reiciendis voluptatum sit aut voluptatum harum explicabo vitae dolor eligendi recusandae temporibus quo provident autem debitis exercitationem veniam illo nemo eligendi quae sint necessitatibus nisi ut quis et officiis eos eos sit eos.', 'Service'),
(16, 'Simon SARL', '36, chemin de Leclercq', '40394', 'Leconte', 44, 1661, '01 14 04 05 88', 'Privée', 'Ancienne', 'Velit velit eos architecto et sit labore repudiandae similique consequatur itaque repellat aliquam qui architecto quae repellat ea voluptatem illo cupiditate pariatur consequatur quis cum illo magnam.', 'Service'),
(17, 'Bousquet Besnard SA', '65, avenue Sylvie Delmas', '56 01', 'Bonneau-sur-Prevost', 732, 334, '+33 5 17 40 37 ', 'Privée', 'Principale', 'Enim omnis et deserunt doloremque ducimus in fuga et repudiandae provident ipsam sunt magnam qui non dolores quas optio rem voluptatum corrupti consequatur molestiae cum odit assumenda minima qui odio beatae qui consequuntur qui quia deserunt et consequatur odit non.', 'Industrie'),
(18, 'Maurice', '88, boulevard de Garcia', '28412', 'Philippe-sur-Michaud', 247, 644, '0970417258', 'Publique', 'Principale', 'Id neque eaque delectus quasi qui ex non ratione et ipsum perspiciatis mollitia quam adipisci inventore eveniet vel aut nisi sed sint omnis et accusantium praesentium nesciunt et consequatur repellendus praesentium.', 'Service'),
(19, 'Ruiz Baron S.A.R.L.', '1, avenue Michèle Barbe', '28725', 'Denis-la-Forêt', 678, 2367, '01 70 10 48 04', 'Publique', 'Secondaire', 'Praesentium sed id alias ullam officiis totam harum est eveniet necessitatibus dolores doloribus dolores maxime impedit eos rerum nobis rerum et totam sit ut recusandae at minus optio voluptatem dolor consequatur molestiae quis est perferendis autem iusto.', 'Service'),
(20, 'Boucher et Fils', '53, avenue de Morin', '91 54', 'Humbert', 322, 1416, '0784886983', 'Publique', 'Principale', 'Sit laborum et sit amet nihil accusantium quod consequatur consectetur ipsum voluptas enim alias assumenda voluptatum rem deserunt error accusamus sed voluptate optio est voluptatum incidunt iure aspernatur laborum rem atque ut quo eveniet tenetur ullam.', 'Industrie'),
(21, 'Imbert S.A.R.L.', '12, impasse de Mercier', '50416', 'Boyer', 617, 140, '+33 9 30 44 81 ', 'Publique', 'Ancienne', 'Quis natus quaerat voluptatem et consequuntur dicta ducimus qui eum est illo iure amet reprehenderit asperiores et nihil molestiae nobis quia dignissimos recusandae dolorem sunt ad quibusdam in perspiciatis sed quasi sed.', 'Conseil'),
(22, 'Lombard Guyot S.A.S.', '704, avenue de Rousseau', '89 06', 'Rodrigues-sur-Marty', 813, 568, '+33 (0)6 27 39 ', 'Publique', 'Principale', 'Placeat tempora possimus nihil explicabo ut quo deleniti odio recusandae omnis praesentium sint neque est repudiandae expedita sit saepe veniam nulla reiciendis consequuntur consectetur qui quia.', 'Industrie'),
(23, 'Coulon SARL', '39, avenue Guillon', '52923', 'Boulay-sur-Mer', 760, 456, '+33 (0)1 08 42 ', 'Privée', 'Principale', 'Occaecati velit accusamus porro quia ipsam at fugit non consequatur perferendis aut ut placeat et provident fugiat recusandae neque quae doloribus quia praesentium sed magni voluptas explicabo ipsam alias eum non sed qui.', 'Vente'),
(24, 'Buisson', 'boulevard de Jacquot', '11 26', 'Loiseau-sur-Klein', 866, 2750, '0472831711', 'Publique', 'Secondaire', 'Et autem non autem minima quasi voluptate maiores eligendi voluptatum dicta exercitationem doloremque hic qui velit reprehenderit magnam enim laborum voluptatem et est id qui.', 'Industrie'),
(25, 'Jacquet S.A.S.', '5, chemin Isabelle Guillou', '23 06', 'Charpentier', 328, 2883, '+33 (0)4 98 22 ', 'Privée', 'Principale', 'Labore quisquam quae est laudantium adipisci tempore officiis placeat in minima perspiciatis voluptatem ex consequatur rerum qui expedita voluptatem voluptates alias sed velit.', 'Service'),
(26, 'Le Goff', '34, chemin Thomas Marty', '72 13', 'Dumas', 393, 2309, '+33 1 78 42 42 ', 'Publique', 'Principale', 'Voluptas odio ut quis a in quia sed qui voluptates numquam quis omnis quis quam incidunt blanditiis nesciunt voluptatem enim expedita voluptatum blanditiis ratione aut nostrum dolorem eum aut doloribus explicabo.', 'Conseil'),
(27, 'Paris', '472, rue Josette Noel', '04 94', 'Paul-sur-Mer', 292, 488, '0772058305', 'Privée', 'Secondaire', 'Quasi aut doloremque ex unde ex quo nam aliquam ut quia ducimus debitis eum repudiandae deleniti corrupti vel sed et dolorem alias.', 'Industrie'),
(28, 'Lagarde S.A.', '70, rue Léon Maury', '79 56', 'Bouvier-la-Forêt', 482, 1857, '0194000341', 'Privée', 'Ancienne', 'Sit deserunt minus ipsa fugit laborum reiciendis quos eaque facere optio voluptatem et commodi qui cum iste assumenda voluptatum beatae atque repellendus repellendus ea necessitatibus alias at aliquid repudiandae sit minima delectus velit autem tempora sed.', 'Industrie'),
(29, 'Delannoy Fernandes S.A.R.L.', '46, avenue de Laroche', '93028', 'Gay', 711, 560, '06 45 70 07 19', 'Publique', 'Secondaire', 'Omnis debitis quibusdam explicabo ex exercitationem quidem sed ad distinctio magni quasi id officia sunt doloremque animi eius commodi voluptatem id et debitis qui voluptatem quod adipisci nobis dolor impedit sit ut autem quia quisquam a libero.', 'Conseil'),
(30, 'Menard S.A.S.', '4, impasse De Sousa', '08 04', 'GoncalvesVille', 988, 1176, '+33 9 71 64 69 ', 'Privée', 'Secondaire', 'Sit quia beatae sunt tenetur minus in distinctio et unde tenetur aut dolorem totam dignissimos consequatur ex rerum nisi et exercitationem consequatur fugiat minima ad.', 'Conseil'),
(31, 'Pascal Hernandez et Fils', '8, boulevard de Rodrigues', '85272', 'Goncalvesnec', 178, 639, '03 63 57 42 53', 'Privée', 'Secondaire', 'Id molestiae porro voluptas quisquam quasi non aut assumenda voluptates architecto quidem ut incidunt molestias qui quo consequatur non dolores eum nulla facere totam est dolores sit doloribus blanditiis.', 'IT'),
(32, 'Boulanger', '53, rue Neveu', '52 78', 'Boutinnec', 65, 1409, '+33 (0)7 92 55 ', 'Privée', 'Secondaire', 'Id atque quae nulla occaecati incidunt iusto et et ipsum ut tenetur omnis enim est perspiciatis error voluptas incidunt tempora rerum velit.', 'IT'),
(33, 'Jacob', 'place Roger', '99 79', 'Lopezdan', 20, 1558, '0496985672', 'Publique', 'Ancienne', 'Rerum harum exercitationem quia unde rerum pariatur sed laudantium aut eaque aut odio at aut ut et necessitatibus nesciunt labore sed rem nam accusamus quaerat aut non tempore et eum enim ratione et laudantium quas id numquam tempora.', 'Conseil'),
(34, 'Diaz Grenier S.A.S.', '72, chemin de Couturier', '70188', 'Leclercnec', 164, 1194, '0291719581', 'Publique', 'Secondaire', 'Dolorem dolor pariatur minima aut vero veniam eos aliquid tempore magnam ipsum consequatur velit non suscipit voluptatum debitis ea consectetur enim hic non ipsum.', 'Service'),
(35, 'Bertrand', 'boulevard de Garcia', '32 53', 'Paris-la-Forêt', 885, 550, '0514913335', 'Privée', 'Ancienne', 'Esse nobis officiis sapiente eveniet deserunt ratione molestias quos consequuntur ut vel dolor voluptatem sed tempora laboriosam numquam qui veniam.', 'Industrie'),
(36, 'Courtois', '82, avenue Pénélope Chauvin', '92035', 'VasseurVille', 342, 764, '+33 (0)6 15 69 ', 'Publique', 'Principale', 'Enim ut accusamus ea ipsam saepe ut est distinctio animi error doloremque voluptates nulla omnis maiores repudiandae dolore consequuntur optio nostrum aperiam est at incidunt accusantium.', 'IT'),
(37, 'Loiseau', '705, place Astrid Guyon', '47 42', 'Etienne', 136, 1888, '+33 (0)7 82 89 ', 'Privée', 'Ancienne', 'Molestias sint expedita nam dolorem provident delectus magni dignissimos ipsa alias eum quis aut et sed nobis est ab placeat vitae velit velit odio dolorum in quo accusamus ea mollitia.', 'Industrie'),
(38, 'Leclercq', '90, boulevard Aurélie Lecomte', '93363', 'Allain', 190, 943, '+33 (0)6 38 41 ', 'Publique', 'Secondaire', 'Facilis sed perspiciatis harum in sed qui accusantium numquam dignissimos nihil suscipit pariatur laudantium officiis debitis deserunt corrupti recusandae.', 'IT'),
(39, 'Paul Hoareau SA', '4, rue Marin', '36 28', 'Martin-sur-Carpentier', 901, 1215, '09 63 30 98 76', 'Publique', 'Secondaire', 'Aut non quis architecto a eaque unde eos expedita totam aut aut aperiam inventore dolore cum aut quae optio occaecati ex hic.', 'Vente'),
(40, 'Dupont', '12, boulevard Pelletier', '18015', 'Merle', 734, 826, '08 11 12 99 68', 'Publique', 'Ancienne', 'Sint voluptatem ab tenetur aut voluptatibus id harum magnam praesentium et ut id hic et occaecati aspernatur reprehenderit exercitationem occaecati dolorem veritatis voluptatem minima perspiciatis sapiente at vel aliquam quaerat ut ad consectetur numquam non asperiores culpa animi est dolor minus voluptatibus.', 'Service'),
(41, 'Masson Dupuy SARL', '78, rue Etienne', '12 86', 'RaynaudBourg', 14, 2204, '+33 (0)4 40 06 ', 'Privée', 'Principale', 'Earum provident et consequatur distinctio est accusamus vel et maiores culpa autem vero perspiciatis dicta consequuntur unde sunt ea molestias quis omnis ducimus iusto.', 'Industrie'),
(42, 'David Couturier SAS', 'impasse William Lefort', '37164', 'DiasBourg', 660, 2923, '+33 7 55 24 85 ', 'Privée', 'Principale', 'Sint sunt doloribus dolorum culpa ea omnis voluptatibus voluptas dolor et est placeat velit quia rerum dignissimos adipisci recusandae iure tenetur perferendis.', 'Vente'),
(43, 'Bertin S.A.', '44, place de Marion', '18715', 'Weber-la-Forêt', 657, 681, '0682629869', 'Privée', 'Principale', 'Totam maiores voluptas totam quia laboriosam corrupti nam itaque architecto accusantium non omnis totam eveniet consequatur possimus alias placeat qui.', 'Industrie'),
(44, 'Samson', '883, rue de Delattre', '73 75', 'Aubry-sur-Marchand', 132, 1182, '0149212607', 'Privée', 'Principale', 'Unde nemo ut rem quasi delectus asperiores assumenda tenetur et quis quidem natus sed deserunt sit aut quod voluptatem voluptatem consectetur maiores.', 'Service'),
(45, 'Ferrand', '42, place Gosselin', '79037', 'Renard-sur-Joseph', 316, 368, '0617715173', 'Publique', 'Principale', 'Laudantium iusto eligendi nihil in et est dolores voluptates enim sunt numquam quae labore architecto nam porro quos cumque.', 'Vente'),
(46, 'Marques S.A.R.L.', '905, chemin Gabrielle Didier', '82 96', 'Bazin-les-Bains', 168, 2055, '0118856823', 'Privée', 'Principale', 'Consequatur reiciendis veniam tempora aut enim laudantium nostrum non numquam porro atque aut voluptate cum atque qui itaque officiis repudiandae in doloribus consequatur et sunt omnis sit magni corporis cumque eius.', 'Industrie'),
(47, 'Mendes Leger et Fils', '4, impasse Pelletier', '00234', 'Laurent-sur-Mer', 479, 1278, '0906970664', 'Privée', 'Ancienne', 'Ex ut ut rerum nam accusantium aut est rerum voluptatem repudiandae animi a nam perspiciatis autem voluptatem similique quis sed hic libero labore libero dolor quibusdam inventore molestias dignissimos repudiandae esse dignissimos quia aut perspiciatis ad similique.', 'Industrie'),
(48, 'Diaz S.A.R.L.', 'impasse Vallet', '54 65', 'Le Gall', 73, 2684, '+33 (0)8 12 84 ', 'Publique', 'Principale', 'Iure quod provident veniam repellat voluptates iusto nostrum maxime debitis sed culpa officia ea nihil non aut facere deserunt possimus in veritatis voluptate quia in totam quisquam voluptas similique nulla qui fugiat repellat magni.', 'Vente'),
(49, 'Peron SARL', '66, rue Munoz', '68513', 'Leclercq-sur-Richard', 798, 956, '06 95 00 66 90', 'Publique', 'Ancienne', 'Unde nulla soluta quo ipsa sunt libero amet dolores expedita voluptatum maxime aliquam eligendi eveniet quia vel delectus molestiae occaecati ipsum mollitia aperiam modi necessitatibus eum odio architecto et quia aut iure dolorem modi ducimus consequuntur molestiae consequatur.', 'IT'),
(50, 'Michel SA', '62, place Guyot', '81316', 'EvrardVille', 70, 2882, '+33 1 83 05 07 ', 'Publique', 'Secondaire', 'Dolores et similique omnis quae sint modi consequatur autem voluptatem earum non tenetur dolor laboriosam quis voluptas molestiae eum modi facilis maiores aliquid et ad et.', 'Service'),
(51, 'Dijoux', '536, place Danielle Samson', '03 43', 'Marchal', 148, 2974, '07 83 36 98 83', 'Privée', 'Ancienne', 'Quibusdam sed labore blanditiis nisi voluptates eum rerum omnis sed et quibusdam sint et possimus consequuntur voluptates tempore error commodi a quis nihil magni expedita ipsa.', 'Industrie'),
(52, 'Raynaud et Fils', '794, place de Laine', '94574', 'Gimenez', 344, 2026, '+33 (0)1 93 92 ', 'Privée', 'Ancienne', 'Voluptas iste laboriosam quidem dolorem id qui reiciendis modi voluptas rerum rem nobis nulla molestiae provident rerum laudantium adipisci incidunt velit odit assumenda fugit occaecati consequatur porro enim non omnis ad pariatur ut ut eius amet numquam.', 'Conseil'),
(53, 'Teixeira', 'rue de Giraud', '61129', 'Girarddan', 345, 891, '0628309134', 'Publique', 'Principale', 'Doloremque doloremque corrupti aut qui vitae odit assumenda aut necessitatibus corrupti libero nostrum laboriosam perspiciatis qui deleniti error qui cumque voluptas enim facilis autem aut dicta.', 'IT'),
(54, 'Lebrun S.A.R.L.', '96, place de Leroux', '32114', 'Germain-sur-Ferreira', 853, 1998, '0439185258', 'Privée', 'Principale', 'Velit earum consequatur magnam et a sit dicta fugit magni voluptatem voluptatem voluptatem dignissimos voluptatem culpa doloribus enim quod neque cumque ut debitis nostrum quo reiciendis voluptas repudiandae quia aut eos.', 'Industrie'),
(55, 'Thomas', '11, rue Blanc', '74685', 'Legendre-sur-Millet', 479, 1359, '+33 (0)1 54 78 ', 'Publique', 'Principale', 'Corrupti aut minima ut voluptatem perferendis facere voluptate qui aut rerum et corporis hic vel quis provident asperiores officiis reiciendis dolores perspiciatis sunt voluptatem quis sit ducimus.', 'Industrie'),
(56, 'Picard', '99, boulevard de Morin', '27096', 'Dupuy-les-Bains', 863, 161, '0892152977', 'Publique', 'Ancienne', 'Vel consequuntur velit voluptas sit reiciendis odio et rerum ullam at sunt nobis deleniti enim autem incidunt in facere debitis odit qui pariatur molestias tempora inventore nulla cum non.', 'Conseil'),
(57, 'Fabre Charles SA', 'rue Lucas Bonneau', '55692', 'Henry', 343, 2556, '+33 4 82 68 99 ', 'Privée', 'Principale', 'Ut et et architecto alias quo nemo voluptatem atque perspiciatis dolor eos delectus aliquid sunt consequatur quis quia sit repellendus accusamus doloribus labore vel sit consequatur voluptates cum aut omnis velit vitae mollitia accusamus impedit at.', 'Industrie'),
(58, 'Benard Laroche SARL', '27, chemin de Verdier', '45 81', 'Gimenez-sur-Cohen', 258, 2995, '+33 (0)4 38 52 ', 'Publique', 'Ancienne', 'Eum eum et qui aut assumenda accusantium eos fugiat nihil excepturi et sunt sint eligendi aut dolorem est expedita impedit ipsa minima asperiores molestiae praesentium vero nostrum ab consequatur culpa cupiditate facere.', 'IT'),
(59, 'Mary Blanc SARL', '41, rue Maggie Maillot', '98491', 'Godard-sur-Mer', 872, 734, '+33 5 45 13 23 ', 'Publique', 'Ancienne', 'Vitae sunt officia numquam adipisci non quia repellat iste et odit et labore sint voluptatem qui molestias a sint aspernatur et eos voluptate sunt doloremque est et aliquam provident minima voluptatem commodi error architecto doloremque ut animi.', 'Service'),
(60, 'Julien', '734, avenue de Colin', '97 10', 'Massedan', 776, 864, '+33 (0)4 69 78 ', 'Privée', 'Principale', 'Expedita et soluta est eaque sequi quaerat deserunt dolorum qui id aut voluptas nostrum ut assumenda delectus tempore voluptatem non quis libero.', 'IT'),
(61, 'Lemaire', '9, avenue Benoît Herve', '58 62', 'Alexandre-la-Forêt', 193, 1720, '05 49 17 60 53', 'Privée', 'Principale', 'Totam molestiae et blanditiis assumenda enim modi error quam accusantium asperiores similique et autem dolorem ducimus at et reiciendis iure soluta consequatur in consequuntur.', 'Industrie'),
(62, 'Lenoir Moreno SARL', '38, avenue de Delorme', '05673', 'Petitjean', 364, 1346, '+33 (0)1 05 19 ', 'Publique', 'Ancienne', 'Quaerat commodi voluptatum voluptatum rerum qui error modi aliquid voluptas delectus facilis distinctio hic quasi placeat repellendus quaerat cupiditate voluptatem laboriosam velit excepturi aut inventore quia aspernatur voluptate ratione omnis fugiat sapiente laboriosam quidem.', 'Service'),
(63, 'Brunet Alexandre et Fils', 'rue de Pons', '74862', 'Morenonec', 953, 1350, '07 73 11 40 32', 'Publique', 'Secondaire', 'Exercitationem hic voluptatum odio ipsam non consequuntur voluptatum corrupti perspiciatis nam necessitatibus ipsam rerum expedita nihil veniam ex illo debitis maiores eligendi commodi reprehenderit exercitationem ex adipisci voluptas quam pariatur.', 'Industrie'),
(64, 'Guichard', '18, place de Dupuy', '48 77', 'Maillot', 195, 478, '+33 (0)7 30 56 ', 'Privée', 'Secondaire', 'Tenetur et est aut ut modi fugit occaecati cum facere asperiores saepe ea laudantium iure et magnam quia qui alias est dolor sunt ipsum error non amet deserunt sed.', 'Service'),
(65, 'Texier SARL', '28, chemin de Pires', '20649', 'Breton', 186, 756, '01 11 25 63 02', 'Publique', 'Principale', 'Quisquam dolorem odio quia molestiae numquam dolor dolor architecto vel consequatur impedit mollitia dignissimos in omnis optio laudantium reiciendis suscipit rem error et officia debitis aut dolorum et harum corrupti rem sit quisquam ut molestias sapiente.', 'IT'),
(66, 'Hamon Leduc SARL', '35, avenue de Hamon', '35556', 'Chauvet-sur-Mahe', 405, 1944, '0818927775', 'Publique', 'Ancienne', 'Neque sunt aliquam impedit iste ipsum saepe vero molestiae rerum illo quod ut quidem tempore sed ut explicabo fugit voluptatem optio facilis ea minima est magni distinctio officiis voluptate est corrupti delectus quae minus.', 'Vente'),
(67, 'Rocher', '8, place de Parent', '50 41', 'Vasseur', 103, 1880, '0774135131', 'Publique', 'Principale', 'Doloremque est amet labore sed ea dignissimos est tenetur nemo autem ut voluptas voluptate magnam labore omnis laudantium nemo voluptatem ab esse molestias exercitationem dolor doloremque sed sed fugit fugiat quia vitae et dolorem id.', 'IT'),
(68, 'Blin', '5, rue Étienne Goncalves', '84122', 'Delaunay', 771, 2789, '09 80 26 86 70', 'Publique', 'Secondaire', 'Eum aliquam nisi eveniet reiciendis est optio quidem eveniet sequi reiciendis molestiae quibusdam natus assumenda nesciunt earum totam aut esse animi id dolorum doloremque est ipsum velit ipsum qui.', 'Conseil'),
(69, 'Fleury SA', '76, rue de Jacob', '50256', 'Andre-sur-Prevost', 210, 290, '0617807457', 'Publique', 'Secondaire', 'Possimus dolorum occaecati unde inventore ipsa earum dolorem recusandae laudantium et laudantium praesentium in impedit occaecati velit rerum nesciunt qui assumenda a suscipit quisquam est est sunt et quia ullam voluptas dolore et eum excepturi odio aperiam eligendi.', 'Conseil'),
(70, 'Maillard Chartier S.A.S.', 'boulevard Masson', '50 43', 'Paris-sur-Gaillard', 718, 2367, '+33 (0)4 08 60 ', 'Privée', 'Ancienne', 'Odio id autem aliquam voluptatem ut nihil ipsa cupiditate numquam consequatur repellat dolorem quaerat qui laudantium et error quibusdam.', 'Vente'),
(71, 'Ollivier', '63, rue de Dupont', '83 66', 'Lebrunnec', 699, 2428, '+33 (0)6 02 55 ', 'Privée', 'Secondaire', 'Sapiente assumenda id minus quia debitis non maiores iste reprehenderit deserunt voluptatem accusamus quo eveniet adipisci enim id laboriosam eos aut iure voluptatibus aliquam dolorem architecto ut est pariatur et autem optio quibusdam quo cupiditate consequatur distinctio possimus maiores eum et.', 'Vente'),
(72, 'Lesage', 'place Capucine Prevost', '40382', 'Lamy-les-Bains', 55, 1365, '+33 (0)2 22 69 ', 'Publique', 'Ancienne', 'Exercitationem ut atque tempore sint aperiam magni amet quia ut quo dolor et rem aspernatur quia nisi qui ipsa similique a nulla officia vero saepe qui iste sed in ea sapiente suscipit reprehenderit eos.', 'Vente'),
(73, 'Bazin S.A.R.L.', '60, boulevard Aimé Bodin', '79913', 'Maillot', 424, 1791, '+33 1 28 14 88 ', 'Publique', 'Ancienne', 'Ea minus eum et repudiandae et omnis reprehenderit et sapiente sunt eveniet sint enim quisquam tempore quas alias saepe aperiam dolore aliquam eum quaerat rerum quibusdam laboriosam velit distinctio.', 'Vente'),
(74, 'Marin', '8, place Denis', '64 46', 'Barbeboeuf', 197, 1170, '+33 (0)7 81 52 ', 'Privée', 'Principale', 'Qui iste iusto deserunt iste qui velit corrupti et doloribus sunt corporis dicta omnis consequatur deleniti ducimus pariatur ad minus quo.', 'IT'),
(75, 'Seguin S.A.R.L.', '11, place de Pelletier', '81 58', 'Lemonnier', 19, 1249, '08 98 50 46 05', 'Publique', 'Principale', 'Excepturi quod quibusdam est nesciunt ipsam consequatur earum quis dolorem velit ullam eius et nihil nemo id molestiae cupiditate deleniti consequatur velit recusandae voluptas earum aperiam sit at eum vitae.', 'Vente'),
(76, 'Michel', '79, place Peltier', '50 33', 'Descamps', 721, 1234, '03 56 17 79 35', 'Privée', 'Ancienne', 'Illum officia corporis exercitationem alias temporibus ipsa libero tempora magnam et quidem sapiente ea placeat laudantium omnis nesciunt nostrum perspiciatis rerum libero accusantium quas voluptatem animi fugit pariatur nulla reiciendis voluptas deleniti reiciendis unde nemo reiciendis libero ut cumque aut fugit.', 'Industrie'),
(77, 'Francois SAS', '901, impasse Marthe Schmitt', '62853', 'Renaud', 25, 929, '08 92 30 84 95', 'Publique', 'Secondaire', 'Consequuntur id in pariatur nesciunt praesentium sit possimus iste suscipit omnis suscipit eum reprehenderit laudantium facere est qui doloremque impedit corporis sunt maxime beatae atque quos est voluptas ipsum esse illum deserunt ea et odio deserunt voluptatem.', 'IT'),
(78, 'Duval', 'boulevard Marthe Petitjean', '91 50', 'Reynaudboeuf', 298, 1784, '0130053033', 'Privée', 'Ancienne', 'Corporis rem maxime sit iste numquam alias et et dolorum et inventore sit animi sit placeat in autem tempore repellat in nihil explicabo omnis sed et incidunt adipisci officiis exercitationem aliquam.', 'Industrie'),
(79, 'Laroche', '811, place de Pruvost', '98 25', 'Pruvost', 163, 468, '+33 5 41 09 69 ', 'Privée', 'Principale', 'Quo nisi ullam autem nesciunt eius voluptate explicabo officiis maiores quae debitis ratione ipsam odit quasi ducimus aspernatur magnam.', 'Vente'),
(80, 'Collet S.A.R.L.', '7, impasse Cécile Le Roux', '52230', 'Bertrand', 564, 34, '+33 (0)8 17 56 ', 'Privée', 'Principale', 'Laborum ut minus sunt natus atque voluptate vel quisquam officiis cumque qui aut atque animi officia sed delectus dolor ut voluptas ea sequi nihil officiis velit dignissimos placeat culpa tempore voluptatibus provident.', 'Industrie'),
(81, 'Chauvin Voisin SA', '52, rue de Charles', '63 73', 'DescampsBourg', 887, 461, '03 87 26 06 59', 'Privée', 'Secondaire', 'Maiores rerum similique sunt cum laborum labore saepe facere doloribus qui praesentium optio nihil maiores iure atque at enim et et.', 'Conseil'),
(82, 'Dupont', '13, boulevard Bertrand Mathieu', '68 94', 'Lebon-la-Forêt', 839, 2886, '+33 (0)8 97 82 ', 'Privée', 'Principale', 'Quaerat ducimus corrupti voluptates nihil officia autem saepe aperiam dolorum dolorem dignissimos exercitationem rerum omnis ut blanditiis totam maiores illo.', 'Service'),
(83, 'Marin', '35, rue Faivre', '74909', 'Lerouxboeuf', 786, 1289, '01 56 21 60 01', 'Privée', 'Ancienne', 'Voluptatem facilis velit aliquam qui molestiae sit aliquid temporibus consequatur commodi necessitatibus fuga voluptas dolor ea voluptatibus accusantium adipisci enim voluptas qui voluptatem et qui molestiae animi voluptate non et.', 'IT'),
(84, 'Dupuis Pottier SA', '35, rue Michaud', '98907', 'Raymond', 512, 687, '+33 (0)7 53 19 ', 'Privée', 'Principale', 'Fugiat laboriosam aut dolorem reiciendis et voluptatem ut tenetur et officiis et neque ratione dolores est tenetur qui doloribus.', 'IT'),
(85, 'Cousin', '75, avenue Aimé Riviere', '72 17', 'Bourgeois-sur-Blondel', 521, 911, '+33 (0)1 20 14 ', 'Publique', 'Ancienne', 'Accusantium quia deleniti quia perspiciatis expedita qui nisi dolorem suscipit blanditiis voluptatibus nam quibusdam nam ut ea rerum praesentium doloribus aut rerum soluta sapiente ab modi rem consequuntur.', 'Vente'),
(86, 'Marechal Gaudin et Fils', 'boulevard Didier', '11369', 'Lesage-la-Forêt', 146, 2687, '0225384162', 'Privée', 'Ancienne', 'Rerum qui nesciunt hic adipisci et sequi qui quod aut libero labore in ipsum fugit architecto eum et facere quia dolores quia officiis repellat.', 'Conseil'),
(87, 'Toussaint S.A.S.', 'chemin Noémi Thomas', '92 76', 'Brunel', 828, 653, '03 39 84 14 54', 'Publique', 'Ancienne', 'Consequatur dolores nobis impedit reprehenderit modi iste aut sint vero et eveniet autem consequatur in neque nam explicabo rerum sunt rerum sint.', 'IT'),
(88, 'Herve Raynaud SA', 'avenue Rousset', '34 65', 'CollinBourg', 531, 1632, '+33 8 93 31 31 ', 'Publique', 'Principale', 'Adipisci voluptatum dolorem ducimus sit doloremque earum repudiandae assumenda voluptatum illum cum ullam minus nihil vitae et tenetur itaque laboriosam quo exercitationem quaerat ut.', 'Industrie'),
(89, 'De Sousa Grondin SA', '23, chemin Collin', '60 09', 'Lamy', 306, 1582, '0819942096', 'Publique', 'Principale', 'Sequi earum deserunt quisquam animi ipsum sed veniam tempore totam eos incidunt est nostrum magni eos dolorem nulla et molestiae eos et aut sequi dignissimos sit aut et ipsam quibusdam quia asperiores cumque.', 'Service'),
(90, 'Adam', '86, avenue de Descamps', '46909', 'Bousquet', 207, 1461, '05 28 30 49 75', 'Privée', 'Ancienne', 'Illum sequi rerum nemo illum temporibus eos distinctio blanditiis modi vel atque quia autem alias reiciendis recusandae culpa quia beatae temporibus dolorem officia non tenetur blanditiis sunt expedita illum aspernatur dolor possimus eos minus fugit dicta corrupti repellendus quisquam quod.', 'Service'),
(91, 'Ollivier S.A.', '3, chemin Millet', '84 37', 'Guyonboeuf', 210, 2549, '0462208510', 'Publique', 'Ancienne', 'Deserunt hic sit nisi aliquid unde modi distinctio enim id consequatur iste repellendus vel fuga quod magni et rerum et in laboriosam magnam vel quas consectetur.', 'IT'),
(92, 'Tanguy', '54, rue Jeannine Mallet', '50 12', 'Andre', 523, 1061, '08 00 47 42 38', 'Publique', 'Secondaire', 'Impedit nemo et sunt tempore sed aut dolorem id velit aut sed omnis est illo magni aut dolorem eos culpa corrupti recusandae et natus quia aut eum doloremque quod suscipit qui.', 'Industrie'),
(93, 'Lefort S.A.R.L.', '73, rue Philippe Sanchez', '20889', 'Bonnin', 549, 1002, '+33 1 95 34 44 ', 'Publique', 'Ancienne', 'Iure eum repellendus repellendus quae sed magnam vel tempore ut dolores aut ut qui fugit recusandae nisi ad voluptatibus maiores eos corporis sint unde debitis et quis hic.', 'Industrie'),
(94, 'Ribeiro Brun S.A.R.L.', '6, boulevard Descamps', '14 79', 'Roussetdan', 80, 2426, '+33 5 47 93 97 ', 'Privée', 'Principale', 'Totam non non quam reiciendis ducimus modi magni in quidem hic velit ea quasi minus veritatis vel qui voluptas dolorem ducimus non facere ex fugiat soluta mollitia debitis cupiditate aut laboriosam et quas sunt qui labore id est voluptatem blanditiis officia.', 'Conseil'),
(95, 'Lecomte Schmitt SA', '87, rue Perrier', '69 98', 'Valentindan', 556, 1393, '03 76 15 74 31', 'Publique', 'Principale', 'Debitis explicabo id occaecati beatae mollitia rem corrupti aperiam qui aspernatur ipsa impedit ea asperiores nemo perferendis quas animi est et fugit ut consequuntur qui neque.', 'Vente'),
(96, 'Riviere Leger SAS', '92, place de Michel', '17 26', 'Coulonnec', 638, 2007, '+33 (0)6 62 58 ', 'Publique', 'Ancienne', 'At harum sunt quam est culpa aut labore veniam et est numquam suscipit laboriosam et voluptatem nihil voluptas culpa dolor facilis qui vitae laboriosam aut laborum aut debitis aut ipsa nobis aliquid quia voluptas et est quia ad alias molestiae.', 'Industrie'),
(97, 'Launay', '46, avenue de Bazin', '20425', 'OllivierVille', 546, 956, '+33 8 99 78 15 ', 'Publique', 'Secondaire', 'Totam voluptatem deleniti qui expedita repellat odit consectetur quis nulla sint quam velit impedit similique placeat sunt aperiam nihil eveniet voluptatem.', 'Conseil'),
(98, 'Nguyen', '62, rue Luce Fernandes', '59 35', 'Leblanc', 854, 1534, '05 24 92 11 56', 'Privée', 'Secondaire', 'Vel sunt ex magnam provident aliquid sit est maxime qui exercitationem est veniam deleniti quam numquam maiores sint nam qui magnam unde perspiciatis ipsa sit autem accusamus voluptatem adipisci rem.', 'Industrie'),
(99, 'Huet SAS', '73, rue de Leleu', '48810', 'Pichon', 715, 2232, '+33 (0)2 37 93 ', 'Privée', 'Principale', 'Nobis ipsa et eos consequatur et aut earum in odio non numquam exercitationem sed iusto et autem dolores sed.', 'Industrie'),
(100, 'Herve', 'chemin Patricia Delahaye', '85 43', 'Maillet', 21, 1296, '0580193861', 'Privée', 'Ancienne', 'Quia nulla consequuntur rerum sint qui eum explicabo ex aliquid quidem laborum nihil nisi nemo iste consequatur facilis earum est ipsum.', 'Conseil');

-- --------------------------------------------------------

--
-- Structure de la table `document`
--

CREATE TABLE `document` (
  `id` int(11) NOT NULL,
  `title` varchar(255) NOT NULL,
  `summary` varchar(255) DEFAULT NULL,
  `created_at` datetime DEFAULT NULL,
  `contact_id` int(11) NOT NULL
) ENGINE=InnoDB DEFAULT CHARSET=utf8mb4;

--
-- Déchargement des données de la table `document`
--

INSERT INTO `document` (`id`, `title`, `summary`, `created_at`, `contact_id`) VALUES
(1, 'Antoine', 'Est sit reiciendis ipsa. Reiciendis id minima deserunt quibusdam pariatur eos. Id sit quis delectus minima ab dolores. Excepturi et occaecati commodi fuga.', '2000-02-15 00:00:00', 80),
(2, 'Marcel', 'Et fuga vel asperiores eum sed vel saepe. Quis voluptas sed ea ratione distinctio aut id. Quibusdam id explicabo praesentium reiciendis.', '1996-05-03 00:00:00', 58),
(3, 'Aimée', 'Sunt repellat qui eos sed placeat. Et aut et a ut cum at. Praesentium dolore sint quia omnis reprehenderit nam aperiam.', '2004-10-27 00:00:00', 98),
(4, 'Raymond', 'Autem eaque ut excepturi sed. In quo eligendi quia doloribus qui exercitationem aspernatur. Eaque eos aliquam maiores harum vel quo repudiandae.', '2019-06-22 00:00:00', 84),
(5, 'Camille', 'Magnam aut et quia eum nulla. Adipisci nemo similique consequatur. Ratione soluta maiores molestiae voluptates voluptatem.', '1994-03-25 00:00:00', 80),
(6, 'Julien', 'Accusantium itaque ut sequi reiciendis odit quo similique. Assumenda et suscipit ut ipsam at. Tenetur suscipit ad aut aspernatur culpa dolores adipisci atque. Ipsum et omnis perspiciatis.', '2020-04-08 00:00:00', 11),
(7, 'Maggie', 'Id qui aut quidem iure exercitationem voluptate. Et ut deleniti nihil rerum enim eveniet corporis. Consequatur alias cum quae perferendis tempora ut. Molestiae reiciendis quod et consectetur debitis.', '2016-03-12 00:00:00', 54),
(8, 'Diane', 'Tempora ut repellendus nesciunt. Perferendis quae rerum tempore tempora quibusdam rem harum. Eveniet provident numquam iure quia.', '1995-03-22 00:00:00', 24),
(9, 'Victor', 'Dolorem unde animi enim esse cupiditate. Possimus ea ut itaque ad facere velit optio placeat.', '2014-10-24 00:00:00', 36),
(10, 'Dominique', 'Alias eum fuga dolorem quasi occaecati. Voluptates deserunt voluptatibus qui ab. Corporis qui totam quod tempore nihil aspernatur. Odio rerum consequatur voluptas non.', '1977-03-12 00:00:00', 66),
(11, 'Jacqueline', 'Placeat labore deleniti excepturi tempora hic aut laudantium. Maxime autem quia ea aut perspiciatis qui esse. Adipisci atque assumenda voluptatibus iste rerum nam vitae.', '2008-02-21 00:00:00', 19),
(12, 'Sébastien', 'Laborum omnis sit voluptatem dolorem ab inventore. Corrupti sint itaque voluptas quo est sed. Quia voluptas officiis omnis pariatur inventore qui consectetur esse. Ea fugit fugiat illo odit in.', '2004-02-05 00:00:00', 37),
(13, 'Aimée', 'Tempora quibusdam et ut minus velit. Qui vel quidem ut repellendus. Sequi aliquam quisquam tempora ea deleniti ducimus ea id.', '2002-02-11 00:00:00', 99),
(14, 'Jeannine', 'Velit unde voluptas dolores voluptatem error quas fugit. Ut omnis deserunt quos. Voluptas at harum qui. Quo ea consequatur velit beatae cum ea non.', '2010-09-14 00:00:00', 65),
(15, 'Françoise', 'Et quis quidem ea dolor. Dolorum est et et itaque. Et ex et laudantium eius sequi qui dolorum.', '1990-04-13 00:00:00', 11),
(16, 'Denis', 'Assumenda vero dolores quidem a. Sed fugiat enim eaque similique. Magnam modi dolor iusto beatae ut praesentium sint. Facilis iure totam sit.', '1997-10-07 00:00:00', 64),
(17, 'Frédéric', 'Autem eligendi id dolorem quasi qui. Mollitia ab sed voluptatem. Tempore est qui amet eos impedit eveniet est.', '1994-08-09 00:00:00', 19),
(18, 'Franck', 'Vel autem possimus nesciunt minus impedit vel aut. At voluptas aliquam pariatur voluptates beatae excepturi. Reiciendis molestias consequatur deserunt eos asperiores.', '2004-06-14 00:00:00', 1),
(19, 'Roland', 'Totam iusto nihil adipisci sint. Sed deleniti deserunt voluptatem non suscipit id. Debitis at nisi accusamus sunt alias nihil voluptas. Et molestiae doloremque quos sapiente maiores quidem vero.', '1989-11-05 00:00:00', 42),
(20, 'Georges', 'Itaque vel inventore sunt quas laborum. Fugiat fugit saepe dolore magni voluptatem sint doloribus. Eos quia qui voluptatem aliquid itaque.', '1991-05-06 00:00:00', 1),
(21, 'David', 'Enim voluptatem qui ea. Quae eum eos dolorem facilis incidunt enim. Ut quia minima quas accusamus facilis et quasi. Est sit et aliquam quisquam mollitia.', '1986-10-22 00:00:00', 29),
(22, 'Odette', 'Est consequatur facilis voluptatibus rerum et. Amet est molestiae cum. Minima sed dicta velit rem.', '2018-10-31 00:00:00', 27),
(23, 'Roland', 'Velit dolores magni optio error rerum tempore sit. Fugit reprehenderit consequatur possimus magnam.', '1983-07-16 00:00:00', 90),
(24, 'Roland', 'Repellendus vero eum ut unde occaecati. Et nesciunt molestiae ut magnam blanditiis quis. Architecto dolor alias consequuntur aut debitis aut.', '1978-07-03 00:00:00', 10),
(25, 'Martine', 'Id nihil aut quidem aut aut. Commodi iure soluta eos. Eveniet numquam eum dicta fuga non quasi. Nemo quia eos autem assumenda at enim autem hic.', '1979-10-07 00:00:00', 78),
(26, 'Danielle', 'Rem est perspiciatis suscipit beatae odio qui. Nostrum repellendus ea consequatur quisquam illo. Dolorem aliquam dolores voluptatem porro expedita.', '2002-10-08 00:00:00', 81),
(27, 'Bertrand', 'Laboriosam ducimus veritatis possimus totam nihil odit occaecati. Rerum repudiandae temporibus animi et. Qui nostrum et voluptates harum totam deleniti. Rerum sunt cumque temporibus.', '2010-09-14 00:00:00', 36),
(28, 'William', 'Quaerat at facere aliquam delectus provident error officia. Id minima mollitia rerum odit mollitia dignissimos. Eum quas molestiae veniam occaecati aut enim culpa.', '1988-05-31 00:00:00', 86),
(29, 'Roger', 'Veritatis qui sint praesentium sit earum suscipit. Ut beatae omnis illo non magnam. Dolorem aut totam fugit non temporibus dicta autem. Sed quasi voluptatem repudiandae modi est omnis labore.', '1979-07-05 00:00:00', 54),
(30, 'Jules', 'Pariatur sed voluptate in est doloribus sit. Explicabo ea omnis facilis. Est qui autem nisi eos molestiae. Magnam sequi quidem accusamus culpa voluptatem.', '1971-09-23 00:00:00', 67),
(31, 'Sylvie', 'Voluptatum dignissimos fugit ut et omnis. Velit ut ut omnis reprehenderit et consequatur. Dignissimos ut vel nostrum quia.', '2019-11-09 00:00:00', 71),
(32, 'Laetitia', 'Aut eveniet aut eum. Illo nostrum ad ea magni et. Est voluptatibus quas earum voluptatem voluptas. Ratione excepturi eos eos quis rerum et odit.', '2009-04-10 00:00:00', 78),
(33, 'Bernard', 'Delectus facilis rerum suscipit ab. Aut assumenda dolor aliquid. Velit voluptatum nemo voluptatem molestiae voluptas voluptatem vitae provident.', '1993-08-13 00:00:00', 48),
(34, 'Michelle', 'Sunt quia ipsum voluptate et. Vitae mollitia vel ut. Qui atque iste iusto quia. Dolorum sequi velit aut molestias modi.', '1995-12-04 00:00:00', 70),
(35, 'Philippe', 'Molestias ab sint in beatae. Dolores illo blanditiis commodi et accusamus numquam labore adipisci.', '1983-08-11 00:00:00', 67),
(36, 'Alexandria', 'Ut fugiat quisquam consequuntur similique commodi deleniti et. Et quod ut voluptatem ab porro et cumque earum.', '1990-10-04 00:00:00', 73),
(37, 'Maggie', 'Sit dolorem in sit quia magnam suscipit. Voluptatem quo eaque autem consectetur ut quo. Voluptates suscipit aut voluptatum dolore et odio iste. Unde omnis aperiam eos aut.', '2010-10-31 00:00:00', 37),
(38, 'Benoît', 'Esse quibusdam ipsam rerum voluptatum et. Architecto consequatur beatae quam illum. Reiciendis soluta nemo velit fuga eos porro. Repudiandae illo et quis nobis.', '1993-01-05 00:00:00', 34),
(39, 'Thibaut', 'Esse totam illo libero nihil magni qui quidem rem. Non molestiae corporis laudantium adipisci repellendus. Ab autem enim dicta facilis.', '1991-10-24 00:00:00', 98),
(40, 'Marc', 'Deserunt aut harum ea voluptatem cum qui. Voluptates alias tempora dolore sit est in odio. Sit quis soluta optio non voluptatem. Deserunt ut qui officia aut accusantium ratione.', '1976-07-06 00:00:00', 40),
(41, 'Jacques', 'Deleniti veritatis amet magni et consequuntur. Numquam quis eum veniam ad reprehenderit illo aut. Et porro natus voluptate dolorum aliquid. Magnam suscipit maiores aperiam nulla et laboriosam.', '2020-05-22 00:00:00', 71),
(42, 'Céline', 'Voluptatibus ut doloremque minus qui ducimus et. Vero corporis aspernatur et sint occaecati. Natus explicabo quia ipsa in et.', '2004-04-25 00:00:00', 75),
(43, 'Capucine', 'Quis reiciendis voluptatum molestiae et. Alias necessitatibus quisquam officiis vel quidem voluptas totam. Et temporibus in non.', '1977-11-03 00:00:00', 71),
(44, 'Sylvie', 'Ducimus explicabo nemo corporis non ratione recusandae pariatur cumque. Eos culpa vero consequuntur. Eum nostrum deserunt earum ut.', '2009-09-11 00:00:00', 29),
(45, 'Aimée', 'Delectus perferendis et error est autem. Voluptas placeat nulla sed aut voluptas qui. Dolor et saepe occaecati id modi at. Ipsa molestiae natus voluptates accusantium quis.', '2020-06-25 00:00:00', 3),
(46, 'Jacqueline', 'Impedit fuga nisi nemo. Magnam voluptatibus deserunt non ea.', '2012-09-25 00:00:00', 96),
(47, 'Manon', 'Vel vel sed aut iste modi culpa. Magni sed minus voluptatem est iusto. Quia voluptatum voluptas eum eaque sit culpa.', '1982-06-25 00:00:00', 67),
(48, 'Xavier', 'Sequi explicabo maxime eum atque qui quis. Molestias dolorem sint iusto occaecati et dolore eos sunt. Esse et iste a eum dolores et.', '2011-02-16 00:00:00', 49),
(49, 'Luc', 'Praesentium illo autem voluptatum maiores voluptas cumque repellendus. Voluptatem quia occaecati facilis et molestias omnis iste. Commodi dolorem voluptatum voluptate enim.', '2014-11-02 00:00:00', 62),
(50, 'Denise', 'Reiciendis tempora sunt similique laudantium. Rem corporis veniam rerum eum. Ea laudantium omnis ut cum est odio.', '2005-06-27 00:00:00', 88),
(51, 'Corinne', 'Autem corporis vero voluptatem rerum eum pariatur nobis. Et et magni aut aliquam. Eum voluptatum dolore quo id aspernatur. Cumque ratione animi totam quis.', '2002-08-19 00:00:00', 43),
(52, 'Renée', 'Sit sed ea fugiat. Odit ipsum maiores esse et adipisci enim. Suscipit et saepe dolore. Voluptatem illo perferendis minus amet odit neque in.', '1987-07-03 00:00:00', 32),
(53, 'Claude', 'Tempore asperiores cumque mollitia magni ut. Aut et natus vitae officia necessitatibus. Similique repellat nemo rerum dolorem praesentium.', '1989-11-29 00:00:00', 88),
(54, 'Tristan', 'Enim aperiam inventore omnis molestiae. Cum odit doloribus non repellat voluptate pariatur. Alias impedit dolores enim temporibus. Eos cumque omnis atque ut voluptas.', '1996-01-31 00:00:00', 60),
(55, 'Guillaume', 'Magni saepe facere provident sed excepturi aut id. Porro cupiditate exercitationem delectus repudiandae debitis. Est nihil voluptates neque eum.', '1985-11-26 00:00:00', 39),
(56, 'Odette', 'Id quis voluptate suscipit libero rerum. Qui perferendis earum velit dolorem aliquam. Doloribus alias maxime quam aliquam qui deleniti.', '2009-12-17 00:00:00', 85),
(57, 'Arnaude', 'Aut aut aut quas adipisci porro molestiae et qui. Incidunt repellendus dolor sed velit. Non fugit beatae assumenda reprehenderit distinctio. Ea pariatur magni magnam blanditiis.', '1990-05-06 00:00:00', 69),
(58, 'Benjamin', 'Error ipsam omnis asperiores sit rerum sequi qui. Veritatis ut libero sit quia. Est aut voluptas atque error. Nulla quis facere consequatur aut ut suscipit.', '1986-07-13 00:00:00', 15),
(59, 'Marcelle', 'Dolorum placeat excepturi quos et commodi maxime. Qui quasi dolorem nemo voluptatibus et repellat veniam. Totam molestias iste sunt. Est distinctio saepe similique non doloremque non quia quos.', '1974-04-22 00:00:00', 23),
(60, 'Victor', 'Assumenda quos et animi ea quaerat. Ex voluptatem neque nemo dolor qui qui nisi. Eum ea voluptas vel officiis quod illo. Veniam sapiente eveniet et illum unde et exercitationem.', '2019-01-26 00:00:00', 67),
(61, 'Marcel', 'Et sed vero et dolore ut doloribus. Repudiandae amet corporis natus laboriosam accusamus. Accusantium corrupti sed maiores rerum quo voluptatibus ea. Nam ea qui fuga qui corporis magni et.', '2010-02-14 00:00:00', 14),
(62, 'Adèle', 'Illum blanditiis qui odit voluptas aut ex. Porro iusto distinctio ipsa sed qui dolor. Officia sunt aut ut non. Et et aut nemo et nisi ut dolorum.', '1991-02-16 00:00:00', 53),
(63, 'Madeleine', 'Qui veniam ipsam id laudantium laboriosam quis beatae. Nisi ad rerum recusandae et rem minus voluptatem.', '2012-02-25 00:00:00', 35),
(64, 'Paul', 'Expedita id ea magnam omnis placeat quia. Molestias vel cum ullam saepe voluptas. Porro dolorum qui recusandae et maiores. Maxime voluptas occaecati aut nihil.', '2004-04-06 00:00:00', 31),
(65, 'Vincent', 'Perferendis nulla autem possimus occaecati qui sequi. Quasi totam quaerat perferendis possimus. Magni eum voluptate ut est esse molestiae ipsam.', '2018-06-07 00:00:00', 53),
(66, 'Margaux', 'Quidem omnis iusto dolor blanditiis. Ut consequatur quisquam aut voluptates. Dignissimos aperiam facilis ea fugit et. Non consequuntur labore quisquam qui minus ex dolorum.', '2007-12-10 00:00:00', 10),
(67, 'Océane', 'Numquam consequatur dolorem omnis qui. Molestias in molestiae necessitatibus sed quia.', '2017-04-21 00:00:00', 41),
(68, 'Martine', 'Non itaque qui rerum illo aut mollitia. Quis est eaque dicta ut. Ea aut saepe sint molestiae. Nam et veniam illum architecto dolor non nulla iusto.', '1997-06-23 00:00:00', 62),
(69, 'Lucie', 'Et blanditiis aut impedit non. Magni culpa aut ab. Aliquid vel vel at optio. Facere modi expedita ut. Hic quam iure voluptas et molestias.', '1995-03-02 00:00:00', 52),
(70, 'Margot', 'Ea alias iure debitis. Quia quo ipsa vel mollitia. Laudantium expedita quia aut assumenda consequatur distinctio error.', '2006-10-12 00:00:00', 79),
(71, 'Adélaïde', 'Voluptas possimus voluptatum expedita tempora eligendi nulla. Aut iusto et debitis ut. Consequatur ratione consequatur aut debitis incidunt repellendus est. Dicta ratione necessitatibus natus.', '1998-12-20 00:00:00', 67),
(72, 'Bernard', 'Facilis beatae magnam qui commodi molestias. Est non nemo tempore ad. Iusto accusamus magnam necessitatibus ea nulla aut cum.', '2004-01-12 00:00:00', 11),
(73, 'Christine', 'Totam vero deleniti ab beatae. Unde voluptatem corporis quae veniam illo. Illum accusantium delectus omnis cum modi modi nam. Labore aut temporibus sint.', '1982-10-25 00:00:00', 92),
(74, 'Anaïs', 'Voluptas molestiae commodi perferendis delectus molestiae rem. Ullam qui rerum id atque est. Debitis numquam ipsa error blanditiis deserunt accusamus. Autem id odit non rerum.', '2017-06-15 00:00:00', 73),
(75, 'Richard', 'Voluptatem ut eaque perspiciatis aliquam cumque laborum. Expedita fugiat ut est similique tenetur quia itaque et. Earum ex sint voluptatem vero voluptatem quam.', '1977-10-05 00:00:00', 49),
(76, 'Geneviève', 'Recusandae expedita eum dolor delectus eos. Architecto praesentium sint est tenetur aut aliquid perspiciatis. Omnis distinctio suscipit architecto ea. Consequatur amet doloremque ipsa.', '2019-09-07 00:00:00', 22),
(77, 'Audrey', 'Amet tempora iste architecto doloremque qui. Iure quaerat quaerat consequuntur error sint saepe nulla. Voluptatem est atque aut optio. Sit qui itaque earum sint esse dolorem incidunt.', '1985-08-29 00:00:00', 44),
(78, 'Isabelle', 'Consequatur dolor est aspernatur ut est velit corrupti. Et voluptate enim quas cupiditate.', '1975-05-23 00:00:00', 75),
(79, 'Camille', 'Qui sunt aut et deserunt minus repellendus quo. Maiores perspiciatis ut explicabo error et odit. Eos et nihil nulla asperiores ut porro omnis. Voluptas ipsa velit voluptas est praesentium.', '1975-09-09 00:00:00', 27),
(80, 'Sophie', 'Sit quia consequuntur maxime ea facere nisi non. Accusamus eligendi qui et sed omnis. Assumenda quia ipsa necessitatibus amet culpa hic. Earum soluta animi accusantium ad similique.', '2001-01-24 00:00:00', 69),
(81, 'Guillaume', 'Laboriosam consequatur sequi repellendus perspiciatis. Atque voluptatem dolorum blanditiis suscipit unde. Quam est optio ut. Hic minima et dolore quaerat.', '1971-12-18 00:00:00', 100),
(82, 'Claude', 'Distinctio nostrum sit eveniet sed. Veniam in sunt eius. Occaecati minima omnis tenetur et iure. Aut sit et et reprehenderit mollitia qui expedita.', '2019-11-21 00:00:00', 4),
(83, 'Brigitte', 'Molestiae nihil est ut laborum molestiae. Et quod vitae explicabo quam molestias suscipit incidunt nulla. Aut voluptas velit sed omnis quis quia. Quam quaerat nostrum quia vero.', '2011-07-24 00:00:00', 78),
(84, 'Christine', 'Consequuntur est dignissimos magnam. Explicabo nulla ut ut nihil voluptate quas. Rerum quasi voluptatum earum explicabo possimus sapiente consequatur.', '2012-07-26 00:00:00', 55),
(85, 'Agathe', 'Ut ea non accusamus ut error ut magnam est. Reiciendis voluptatum consequatur aut iste veritatis in. Velit eos tempore sit aspernatur quo quibusdam.', '1972-08-30 00:00:00', 41),
(86, 'Marguerite', 'Nisi rerum qui sunt distinctio. Nulla eveniet ab quos sint minus architecto. Sit quam necessitatibus quisquam eum eius consequatur. Ut dolorem numquam placeat aperiam eos aspernatur.', '2013-06-03 00:00:00', 12),
(87, 'Jeanne', 'Consequatur facere ex suscipit. Veritatis et eaque maiores non omnis aut nemo delectus. Enim consequatur vero aut veniam unde eum aut nostrum.', '2002-03-28 00:00:00', 53),
(88, 'Anne', 'Eveniet porro sit est. Modi nulla quasi animi explicabo magni officia. Qui quia placeat natus quia eum beatae.', '2001-06-18 00:00:00', 31),
(89, 'Lucie', 'Ullam nihil quas voluptatum et id expedita eveniet. Quo nisi sunt natus. Voluptatum et recusandae hic repellat.', '1976-05-09 00:00:00', 67),
(90, 'Frédéric', 'Qui qui impedit sunt et culpa. Cumque quia architecto nemo incidunt pariatur odit. Odio aut eum enim sapiente.', '2020-08-10 00:00:00', 25),
(91, 'Gérard', 'Nemo iusto rerum ipsam quia explicabo. Adipisci qui quis quibusdam.', '1974-06-02 00:00:00', 28),
(92, 'Guy', 'Eius est quod quia cupiditate quidem architecto. Eum iste in nulla saepe labore. Odio sit doloribus molestiae fuga aperiam aut libero reprehenderit.', '1990-04-18 00:00:00', 66),
(93, 'Marine', 'Veniam et incidunt qui molestiae et odio perferendis. Autem harum sequi laborum culpa consequatur atque nobis unde. Sit ipsa veritatis fugit quos. Et illum et assumenda dicta.', '1975-11-28 00:00:00', 58),
(94, 'Zacharie', 'Voluptatem ab autem expedita velit. Accusamus reiciendis ea aliquam est hic vel voluptatem. Nihil aut minima modi et exercitationem quia eaque. Quo fuga amet voluptas molestias ipsa repellendus et a.', '1974-03-15 00:00:00', 36),
(95, 'Susan', 'Et eius accusantium et aperiam sed perspiciatis. Aut dolores eum blanditiis ea. Repellat et quasi minima excepturi nam id harum natus. Velit quo non animi nulla.', '2004-04-11 00:00:00', 85),
(96, 'Catherine', 'Perspiciatis sunt distinctio nostrum exercitationem voluptas. Nihil ducimus explicabo eos. Cum modi autem ipsum a.', '1988-04-05 00:00:00', 64),
(97, 'David', 'Aspernatur earum dolorum laudantium optio aut dolores officia. Ad expedita veniam odit voluptatem natus. A aliquam ut et eligendi delectus non.', '1974-09-19 00:00:00', 59),
(98, 'Nathalie', 'Aliquid omnis fugiat sint quidem quos. Aut facere omnis voluptatem ut porro quam. Beatae vel est quis. Ut est blanditiis aut sunt vitae. Non ducimus incidunt sint at illo ex.', '1971-06-08 00:00:00', 33),
(99, 'Jean', 'Non voluptate temporibus dicta sed. Quas deserunt unde quia perspiciatis aut enim et. Libero error qui ut fugiat. Ad non molestiae inventore et enim aliquam.', '1998-08-25 00:00:00', 7),
(100, 'Denis', 'Eos molestias omnis eos. Illum est iure at. Nostrum sunt praesentium possimus ratione. Et ea error molestiae est.', '2002-05-28 00:00:00', 19),
(101, 'Jean', 'Sit voluptas qui illo ab at ipsa amet alias. Tempora voluptatem qui modi sint rerum. Qui quia dignissimos laboriosam deserunt aspernatur.', '1972-02-23 00:00:00', 26),
(102, 'Jérôme', 'Ut esse ratione voluptas veniam totam velit. Ut id ipsum vero vitae nobis incidunt non. Doloribus optio sint iure. Dolores eligendi vitae soluta illum eveniet.', '1974-05-27 00:00:00', 25),
(103, 'Michel', 'Totam minima similique quae accusamus iste et. Sequi corrupti corrupti omnis omnis in sunt. Nulla quia alias debitis debitis quam in non.', '2011-10-16 00:00:00', 28),
(104, 'Gérard', 'Ex omnis qui placeat. Similique quidem consequatur quibusdam voluptas minus repellat similique.', '1991-06-07 00:00:00', 83),
(105, 'Emmanuelle', 'Accusamus inventore alias non perspiciatis fugiat. Voluptatibus vero cum quia. Dolorem inventore dolorum et illum officiis quia. Et ut quam facilis enim.', '2005-01-05 00:00:00', 71),
(106, 'Thierry', 'Autem optio nobis sed omnis ipsa debitis ut. Quia itaque exercitationem aliquam provident. Officiis eos cumque id rerum.', '1996-11-13 00:00:00', 99),
(107, 'Gilles', 'Esse quis quisquam mollitia eveniet est placeat. Similique minus velit ratione vitae quidem. A nobis voluptate et consequatur qui. Voluptatem maiores eius quasi voluptatibus occaecati quo ex.', '1991-06-29 00:00:00', 72),
(108, 'Michel', 'Pariatur qui dolores labore dignissimos eligendi iusto perferendis. Vero maxime facere dolore quod. Sed aut ut voluptatem itaque. Sequi porro inventore error id ut quos enim repudiandae.', '1985-10-17 00:00:00', 13),
(109, 'Thibault', 'Aut ut neque voluptatibus error. Debitis in at repellendus autem laborum aut. Enim sunt ut facere architecto voluptatem. Quas amet quia explicabo sit suscipit.', '1987-08-06 00:00:00', 10),
(110, 'Suzanne', 'Odio dolorum beatae consequatur dolor fuga omnis nemo. Dolor quas atque et eum consequatur. Ut voluptatem et possimus cumque molestias. Dolor eos nostrum sed ducimus totam.', '1990-10-25 00:00:00', 77),
(111, 'Luce', 'Voluptas aliquid reiciendis inventore perspiciatis debitis. Molestiae ut omnis vel quis consequatur. Saepe vel praesentium delectus nobis perspiciatis beatae mollitia nihil.', '1988-10-06 00:00:00', 81),
(112, 'Mathilde', 'Fuga non excepturi non debitis. Beatae pariatur ducimus debitis sit ab rerum occaecati rerum. Architecto qui sed sunt recusandae. Eum eum alias inventore sit molestiae rerum.', '2020-07-05 00:00:00', 95),
(113, 'Maurice', 'Eos commodi nesciunt beatae voluptatum ea. Consequatur fugiat commodi ut qui. Tenetur debitis facere dolores quo vel.', '1989-01-18 00:00:00', 48),
(114, 'Sylvie', 'Deserunt voluptatibus odit est enim ut ad. Amet veniam est tenetur eos numquam qui. Nemo quisquam molestias ut distinctio.', '1975-02-18 00:00:00', 35),
(115, 'Richard', 'Aut et provident repudiandae quo quae tempore. Ut ut voluptatem fugit qui praesentium voluptatem. Est voluptatem eum recusandae enim.', '1974-01-17 00:00:00', 57),
(116, 'François', 'Aperiam accusantium vero nisi voluptatem qui. Voluptatum libero aliquid nam minima cupiditate tenetur pariatur. Quis dolore eum neque voluptas ab temporibus. Et ducimus est qui.', '2004-12-05 00:00:00', 94),
(117, 'Michelle', 'Et consectetur consequatur ad ab enim assumenda consequatur omnis. Cumque et et quos nemo harum. Numquam quia quod placeat est et perspiciatis magnam.', '1981-10-27 00:00:00', 39),
(118, 'Agnès', 'Nulla maxime reiciendis officiis sint culpa cumque minima consequatur. Voluptas aut repudiandae laudantium qui. Illum sit sequi tenetur aut explicabo.', '1993-04-15 00:00:00', 23),
(119, 'Marie', 'Reprehenderit suscipit maxime et voluptas minus minus vero. Et nemo rem qui quo porro. Perferendis et et vel ut maiores quibusdam.', '1980-12-26 00:00:00', 41),
(120, 'Margaret', 'Earum et quod soluta. Nisi ut ducimus odit maiores tempore exercitationem omnis.', '2003-03-18 00:00:00', 43),
(121, 'Franck', 'Quia ipsum esse ut quibusdam commodi sed cum ea. Aliquid aliquid accusamus sint explicabo accusantium cum aut cum. Voluptatem quia debitis vitae vel. Voluptas similique iste qui iste deleniti.', '2004-12-07 00:00:00', 12),
(122, 'Dominique', 'Iusto ut qui animi alias doloremque. Aut error ut quo et aut. Tempore sunt maiores nam. Atque impedit distinctio quam nostrum consequatur expedita.', '2014-04-11 00:00:00', 34),
(123, 'Alphonse', 'Id nobis perspiciatis aperiam molestiae. Beatae doloribus voluptatum adipisci vel accusantium ut. Asperiores est velit dolor nisi.', '2020-06-08 00:00:00', 3),
(124, 'Lucas', 'Modi quibusdam sequi facilis velit a. Dolorem aut expedita ut quam. Neque ut tempore eos sapiente. Nisi autem delectus quo.', '1999-06-11 00:00:00', 69),
(125, 'Victor', 'Tenetur omnis placeat quisquam rem. Iste ratione aspernatur voluptatum id. Ipsa sit at voluptas vero aut est harum voluptatem.', '1993-09-01 00:00:00', 8),
(126, 'Simone', 'Explicabo cupiditate dolores et voluptas amet laborum beatae. Doloremque nobis eveniet vel ab explicabo rerum magnam. Quia necessitatibus quisquam veritatis nesciunt.', '2007-06-14 00:00:00', 84),
(127, 'Margaux', 'Quasi et praesentium alias ea dolorum est. Saepe aut sit qui sapiente voluptatum enim.', '1973-07-24 00:00:00', 20),
(128, 'Olivier', 'Quibusdam voluptatibus quisquam possimus accusantium quaerat qui doloremque. Error ad est modi sed. Totam doloribus nesciunt corporis porro ea voluptatum. Minima ut sed saepe ab vitae.', '2016-10-13 00:00:00', 34),
(129, 'Michèle', 'Facere tenetur officia ut beatae voluptatem non. Et ut est sed tempora doloremque quas sit. Cumque odit enim in autem ea molestias.', '1976-11-24 00:00:00', 68),
(130, 'Suzanne', 'Animi eligendi explicabo nisi distinctio. Soluta doloremque culpa et animi quibusdam. Perferendis deserunt id velit odio.', '1984-09-18 00:00:00', 77),
(131, 'Alain', 'Autem expedita ut nulla dolores ut non. Odit iusto facilis aut nulla. Quam animi vero odio facilis.', '1984-05-15 00:00:00', 43),
(132, 'Thibault', 'Sunt cumque nihil aut. Omnis qui recusandae amet fugit sint est. Dicta officiis fugit est ad veritatis excepturi. Minima incidunt repudiandae incidunt voluptates.', '1992-02-04 00:00:00', 91),
(133, 'Martin', 'Neque ducimus nam dolorum consequuntur debitis cumque consequuntur unde. Ullam error maxime eos. Consequatur quo sequi necessitatibus minus quia. Ut illo et corporis veritatis sunt alias cum.', '1996-03-16 00:00:00', 50),
(134, 'Bernard', 'Enim velit quam maxime esse doloribus. Non repellat et ducimus. Eaque nam sed nisi eos eius. Qui eos et tempore exercitationem omnis et omnis. Voluptatem iure libero nisi temporibus ullam hic.', '1979-04-10 00:00:00', 72),
(135, 'Victoire', 'Nihil velit doloribus explicabo veniam quo. Debitis qui consequatur dolorum praesentium ipsum perspiciatis error. Dolorum debitis ipsa distinctio qui. Adipisci rerum placeat voluptate et.', '2014-09-02 00:00:00', 30),
(136, 'Édouard', 'Voluptas est quibusdam ullam dignissimos. Debitis et minima molestias vel. Voluptates eum dolor neque porro quia illum. Porro nam in rem voluptatem quia.', '2004-06-22 00:00:00', 5),
(137, 'Dominique', 'Consequatur sit omnis quo ratione. Officia asperiores sequi distinctio numquam laboriosam fugit.', '2007-07-28 00:00:00', 66),
(138, 'Laetitia', 'Aut nam aut id impedit molestiae velit optio. Aut qui sapiente accusamus minus eius eius. Praesentium exercitationem maiores quae eaque excepturi fugit doloremque.', '1971-02-24 00:00:00', 74),
(139, 'Alexandre', 'Qui laudantium in qui rerum magnam quia ut. Minima quasi dicta esse labore enim culpa vitae est. Laboriosam voluptas sed unde officia suscipit culpa. Repellat cumque esse est voluptates.', '2007-12-06 00:00:00', 86),
(140, 'René', 'Dolores alias itaque deleniti. Earum et quia aut quasi. Labore dolorem debitis nihil qui dignissimos dolorum. Ullam cumque quia placeat non mollitia et.', '1990-12-05 00:00:00', 57),
(141, 'Hortense', 'Aut ab aliquam libero nulla. Unde aut consequuntur vero omnis. Soluta autem hic repudiandae numquam.', '1982-07-20 00:00:00', 49),
(142, 'Henri', 'Qui eum aliquid incidunt aut ea distinctio. Natus magni rerum laboriosam aliquid ipsum veritatis esse fugit. Sapiente quisquam nemo veritatis asperiores hic ratione.', '1987-06-08 00:00:00', 80),
(143, 'Adrienne', 'Quis voluptas sequi dolorem rerum dolor deserunt. Unde autem sequi cupiditate sunt. Quis praesentium iste recusandae cum ad vero fugiat. Fuga explicabo eius ipsa adipisci tenetur.', '1971-03-13 00:00:00', 95),
(144, 'Antoinette', 'Ut dolorum velit repudiandae iste. Cupiditate alias molestias eligendi id eligendi. Totam reprehenderit aut occaecati deleniti. Porro ut at quibusdam dolor.', '2015-12-23 00:00:00', 48),
(145, 'Capucine', 'Est est tempore et quod eligendi atque quia ut. Eligendi consequatur velit aut non dolore eos. Accusantium perspiciatis nihil est quidem sint.', '1974-06-15 00:00:00', 36),
(146, 'Cécile', 'Modi et aut est et. Qui nihil dolorem minima. Veniam quisquam ea aut. Veritatis accusantium similique magni quisquam ipsam.', '1995-06-14 00:00:00', 42),
(147, 'Nicole', 'Inventore nihil ut sed autem et excepturi dolores. Nostrum quia veniam deleniti repellendus aliquam aut tempore. Sint recusandae rerum deserunt. Vitae quisquam ratione ut qui velit laudantium.', '1980-07-11 00:00:00', 37),
(148, 'Julien', 'Omnis incidunt est quaerat omnis. Quia cum inventore eos inventore tenetur veritatis. Molestiae ullam nihil iste a qui.', '1983-02-22 00:00:00', 20),
(149, 'Thibault', 'Saepe aut sit fugit et voluptatem non. Veniam accusantium earum libero non. Incidunt doloribus provident placeat tempore at pariatur. Earum minima reiciendis in consequuntur eos et eligendi.', '1994-01-11 00:00:00', 24),
(150, 'Véronique', 'Et velit ut asperiores sed perferendis aut. Doloribus neque numquam accusantium molestiae. Et id quibusdam qui quaerat magnam corporis esse sed. Similique architecto occaecati est aut fuga ipsum.', '2019-05-01 00:00:00', 88),
(151, 'Alix', 'Consectetur consectetur quae quod atque. Itaque distinctio sed aut voluptas est dolorum. Vel accusamus itaque et aperiam est. Et est doloribus ab provident.', '1989-12-30 00:00:00', 25),
(152, 'Eugène', 'Earum non neque quae ut iure dolor cumque tempora. Rerum id magni exercitationem consequatur voluptatem.', '1980-06-01 00:00:00', 70),
(153, 'Raymond', 'Quo voluptas aut et nesciunt harum alias quod. Aliquid quia autem quae rerum cumque ipsa. Qui nesciunt deserunt et quia dolores.', '1991-03-02 00:00:00', 74),
(154, 'Théodore', 'Non corrupti corrupti consectetur. Eos ipsum aut minima voluptatem et odio voluptatum. Ea voluptatem vel voluptatem rerum culpa quo.', '2002-11-06 00:00:00', 8),
(155, 'Sabine', 'Commodi molestiae at veritatis rerum sit dolor laboriosam. Nemo sit voluptates dolores placeat a. Unde vero quia laudantium voluptas.', '1999-01-20 00:00:00', 37),
(156, 'Frédéric', 'Qui in esse ipsa aut. Aut error perferendis ut consequatur. Quis nihil delectus voluptas temporibus.', '2009-06-03 00:00:00', 39),
(157, 'Gabriel', 'Veritatis eligendi eum et qui commodi omnis incidunt in. Enim est minima molestias consequatur in reiciendis eius. Mollitia corrupti dolorem sed explicabo. Ratione quae ut blanditiis fuga in quos.', '1972-01-03 00:00:00', 45),
(158, 'Zacharie', 'Veritatis dolorum porro numquam qui blanditiis minima. Labore perspiciatis quisquam ad. Earum laudantium exercitationem illo.', '2008-12-29 00:00:00', 3),
(159, 'William', 'Accusantium et quasi nostrum ex quo dolorem quas sunt. Consequatur eos rem architecto quae temporibus. Dicta vel itaque animi corrupti. Ad fugiat et ut quam.', '2008-12-29 00:00:00', 99),
(160, 'Constance', 'Commodi consequatur non perspiciatis voluptatem modi iure voluptatem ipsum. Fuga saepe libero voluptatem. Dignissimos et ut illo autem molestiae.', '2015-06-21 00:00:00', 6),
(161, 'David', 'Neque et voluptatibus blanditiis quia dolores aut ducimus. Consequatur fugiat omnis officia. Quod necessitatibus quia et aut sapiente voluptas quis. Mollitia aspernatur mollitia autem enim iure.', '1985-02-02 00:00:00', 52),
(162, 'Franck', 'Quod maxime cum est soluta tenetur perspiciatis commodi. Quisquam vero inventore sint enim.', '2011-11-06 00:00:00', 34),
(163, 'Maurice', 'Itaque et repudiandae nostrum omnis qui. Ullam molestias ratione et aut. Aliquam eligendi optio qui error deleniti ex at.', '1999-03-24 00:00:00', 84),
(164, 'Robert', 'Rerum sit hic culpa officia iure. Consequatur ex ipsam officiis ipsam modi. Harum quia earum aliquid neque. Quia iusto quod quo sit laboriosam architecto.', '1983-03-11 00:00:00', 48),
(165, 'Camille', 'Assumenda esse ratione ipsa ab odit. Qui nam non nulla quas. Voluptatem dignissimos provident nostrum libero ex aperiam. Perspiciatis cumque quidem voluptatibus eos.', '1978-01-07 00:00:00', 91),
(166, 'Océane', 'A dolore minima consequatur numquam. Maiores cupiditate distinctio at. Optio qui qui animi dolorem veniam. Quo asperiores officia et.', '2006-03-26 00:00:00', 71),
(167, 'Anaïs', 'Est quos non excepturi quaerat accusamus. Voluptates iure earum culpa inventore labore quo. Vitae repudiandae in fuga et corporis. Ut ipsum placeat vel atque sed quam ad.', '2015-08-28 00:00:00', 20),
(168, 'Stéphanie', 'Eveniet odio aut ipsam est. Provident consequatur qui voluptas velit delectus. Impedit harum id accusamus adipisci.', '1975-06-14 00:00:00', 79),
(169, 'Maryse', 'Sit velit dicta nam ipsam sed et cum optio. Reprehenderit quis et sequi. Beatae vero non necessitatibus laboriosam omnis eligendi.', '1991-12-21 00:00:00', 72),
(170, 'Théodore', 'Ullam magnam illum repellat quam adipisci enim. Est sit molestias expedita et. Temporibus est corporis aut inventore.', '2006-07-14 00:00:00', 78),
(171, 'Thérèse', 'Sint doloremque et temporibus est sint libero numquam. Veritatis numquam dolores ex quia fugiat.', '1982-11-23 00:00:00', 25),
(172, 'Alice', 'Et nesciunt et soluta distinctio minus ipsa ipsa. Sint repellat corporis illum sed dicta. Qui fugit dolores blanditiis inventore numquam dolores.', '1976-10-16 00:00:00', 91),
(173, 'Françoise', 'Non in quasi perferendis assumenda. Nemo incidunt distinctio mollitia. Nemo voluptates animi aut vel earum numquam voluptas fuga. Facere iure rerum quam dignissimos dolores porro nihil voluptatem.', '2002-04-15 00:00:00', 60),
(174, 'Yves', 'Libero neque qui facere itaque eius voluptas. Ratione dolores temporibus minima sit in.', '2009-09-24 00:00:00', 91),
(175, 'Guillaume', 'Libero non similique et. Qui facere pariatur non. Aut voluptatem voluptatem quia quo ab dolores.', '1985-06-09 00:00:00', 30),
(176, 'Alexandre', 'Provident unde ut modi veniam necessitatibus qui et. A iusto veniam aut assumenda incidunt esse. Et sed praesentium nihil dolor.', '1979-02-10 00:00:00', 76),
(177, 'André', 'In ut ut aut blanditiis. Consequatur fuga iste temporibus et. Quaerat suscipit vitae totam consequatur.', '2016-08-04 00:00:00', 70),
(178, 'Margot', 'Accusamus totam aut earum. Vel magni qui modi. Aut qui qui voluptate sed sit voluptatem. Quia aspernatur aliquid vitae nulla recusandae officia deserunt.', '2013-04-11 00:00:00', 23),
(179, 'Laurence', 'Est quae autem voluptatum non atque deleniti non. Dolorem hic tenetur quia non. Qui voluptas facilis itaque nam qui deleniti. Sunt soluta magnam ullam.', '1976-12-14 00:00:00', 26),
(180, 'Édouard', 'Expedita sequi porro consequatur velit vel. Dolores iusto recusandae et necessitatibus ullam. Quis aut veniam et at quia nemo molestias.', '2000-07-11 00:00:00', 97),
(181, 'Élisabeth', 'Dolorum beatae voluptatum velit quia. Error minima eum neque inventore quo aut quasi. Necessitatibus amet ducimus voluptas nobis aut et inventore.', '1981-07-22 00:00:00', 69),
(182, 'Victor', 'Illum ea aut inventore est ipsam voluptate pariatur. Quo rerum doloremque rerum ut id dolor tempore. Iste inventore dolorem quam aut sit optio.', '1984-07-04 00:00:00', 28),
(183, 'Olivier', 'A adipisci nihil ut exercitationem. Omnis autem non asperiores non est recusandae. Praesentium dolorum voluptas illum ipsa tempora reprehenderit fugit.', '1999-05-18 00:00:00', 96),
(184, 'Vincent', 'Odio maxime minus in sint et repellendus. Veniam eaque dicta dolorum perspiciatis. Tenetur ut est aut libero nihil officiis quasi non.', '1995-01-18 00:00:00', 57),
(185, 'Benjamin', 'Ut velit perspiciatis nemo. Exercitationem nostrum optio totam magni. Nobis velit voluptates odio labore vero cupiditate.', '2004-12-19 00:00:00', 49),
(186, 'Thérèse', 'Beatae sit aspernatur est enim. Corrupti fugiat voluptatem sunt. Non eum facere quia fugiat hic. Quaerat amet neque adipisci.', '2000-02-06 00:00:00', 65),
(187, 'Benjamin', 'Dicta commodi adipisci quia dolorem molestiae cupiditate et. Blanditiis quibusdam quibusdam quo ratione id quaerat dignissimos laboriosam. In accusamus veniam quidem nulla.', '2019-08-12 00:00:00', 2),
(188, 'Anouk', 'Qui laboriosam voluptatem earum vero ullam ut. Saepe id illo enim illo dicta fugiat repellat.', '1984-01-29 00:00:00', 35),
(189, 'Diane', 'Nihil voluptatem consequatur quidem error eius. Necessitatibus repudiandae est rerum velit et fuga. Nihil sint ipsum commodi eaque quam. Veniam excepturi veniam aut qui molestias voluptatum.', '2006-06-15 00:00:00', 34),
(190, 'Aurélie', 'Nisi voluptas accusantium at est ut quia ratione. Aut quasi non quod qui.', '1984-09-12 00:00:00', 62),
(191, 'Arthur', 'Doloremque laboriosam quidem praesentium quia optio numquam in. Aperiam maxime magnam sit laboriosam est et repudiandae. Quasi similique qui quia illum officiis ipsam.', '2001-05-13 00:00:00', 24),
(192, 'Eugène', 'Iste velit commodi et temporibus qui. Et alias et voluptas perspiciatis. Qui rerum ut quae laborum molestiae.', '2013-01-29 00:00:00', 97),
(193, 'Alex', 'Tempora laboriosam facilis perspiciatis illo et cum ipsam. Nesciunt atque quod dolor assumenda deserunt. Fugiat illum qui illo qui ex et qui. Omnis perferendis reprehenderit consequatur nam odit.', '1983-04-14 00:00:00', 59),
(194, 'Odette', 'Voluptas quam molestias ipsum aperiam ab. Quos ducimus voluptas ipsam debitis. Officia totam dolor dolores aut pariatur. Omnis in ut ad dolor iste officiis qui et. Sunt odit nam cumque.', '2012-08-29 00:00:00', 78),
(195, 'Éric', 'Repellendus neque quia commodi nisi voluptas cumque. Autem fugiat est corrupti qui pariatur. Facere et sit sapiente voluptatibus suscipit cum. Qui voluptatem dolores quo corporis voluptatem.', '2008-03-27 00:00:00', 18),
(196, 'Marcel', 'Corporis alias quam sint repellat sed atque et et. Et consequatur possimus aut tenetur.', '1992-12-03 00:00:00', 97),
(197, 'Élise', 'Molestiae quasi voluptatem eveniet enim et possimus. Soluta ut et voluptatum consequatur. Est quas animi incidunt quasi saepe impedit officia.', '2009-02-06 00:00:00', 38),
(198, 'Éléonore', 'Quas officiis explicabo ut. Aut sed velit repellendus enim ipsum. Quam nihil magnam quas cupiditate rerum. Atque corrupti amet quam totam.', '1976-06-08 00:00:00', 36),
(199, 'Robert', 'Voluptatem ut dolorum eum consequatur beatae sit excepturi. Minus quasi nobis aut et perferendis. Et reiciendis odio libero voluptas ea dolorem.', '2001-11-18 00:00:00', 72),
(200, 'Célina', 'Voluptatem sed assumenda et quo ut ea. Rem molestiae illum eos occaecati voluptatem modi rem. Consectetur id ad velit et. Qui ab iste voluptatem et consequatur.', '2006-08-29 00:00:00', 25);

-- --------------------------------------------------------

--
-- Structure de la table `employee`
--

CREATE TABLE `employee` (
  `id` int(11) NOT NULL,
  `lastname` varchar(45) NOT NULL,
  `firstname` varchar(45) NOT NULL,
  `role` varchar(45) DEFAULT NULL,
  `salary` float DEFAULT NULL,
  `contract` enum('CDI','CDD','Interim') DEFAULT NULL,
  `hired` datetime NOT NULL,
  `dismissed` datetime DEFAULT NULL,
  `user_id` int(11) DEFAULT NULL
) ENGINE=InnoDB DEFAULT CHARSET=utf8mb4;

--
-- Déchargement des données de la table `employee`
--

INSERT INTO `employee` (`id`, `lastname`, `firstname`, `role`, `salary`, `contract`, `hired`, `dismissed`, `user_id`) VALUES
(201, 'Guibert', 'Marguerite', 'Elastiqueur', 1994, 'CDI', '2005-08-14 00:00:00', NULL, 1),
(202, 'Turpin', 'Valentine', 'Guitariste', 3818, 'CDI', '2018-05-25 00:00:00', NULL, 2),
(203, 'Lamy', 'Olivie', 'Chargé de recherche', 2985, 'CDI', '1993-10-07 00:00:00', NULL, 3),
(204, 'Ramos', 'Pénélope', 'Présentateur radio', 2455, 'CDD', '1992-09-06 00:00:00', NULL, 4),
(205, 'Pelletier', 'Stéphane', 'Terminologue', 1392, 'CDI', '2007-06-30 00:00:00', '2018-05-30 00:00:00', 5),
(206, 'Marion', 'Clémence', 'Assistant logistique', 2443, 'CDI', '2011-05-16 00:00:00', NULL, 6),
(207, 'Antoine', 'Charles', 'Logistique', 1872, 'CDI', '1990-01-13 00:00:00', NULL, 7),
(208, 'Bruneau', 'Christiane', 'Cintrier-machiniste', 3951, 'Interim', '1983-09-24 00:00:00', NULL, 8),
(209, 'Pages', 'Alfred', 'Cameraman', 1393, 'CDD', '2020-01-07 00:00:00', NULL, 9),
(210, 'Bertin', 'Catherine', 'Formateur d\'italien', 2044, 'CDI', '2009-06-01 00:00:00', NULL, 10),
(211, 'Legros', 'Alphonse', 'Coutelier d\'art', 2536, 'CDI', '2014-10-03 00:00:00', NULL, 11),
(212, 'Klein', 'Jacques', 'Maçon', 2522, 'CDD', '2001-09-12 00:00:00', NULL, 12),
(213, 'Laroche', 'Alix', 'Capitaine de pêche', 3373, 'CDD', '1993-01-30 00:00:00', NULL, 13),
(214, 'Lucas', 'Lucy', 'Défloqueur d\'amiante', 2935, 'CDI', '1991-07-20 00:00:00', NULL, 14),
(215, 'Barre', 'Jérôme', 'Ambassadeur', 3866, 'CDD', '1998-12-06 00:00:00', NULL, 15),
(216, 'Bonneau', 'Emmanuelle', 'Maïeuticien', 1523, 'CDD', '1997-07-29 00:00:00', NULL, 16),
(217, 'Bonnet', 'Alexandre', 'Aide-déménageur', 1954, 'CDI', '2020-04-30 00:00:00', NULL, 17),
(218, 'De Sousa', 'Jeannine', 'Détective', 2891, 'CDI', '1991-06-27 00:00:00', NULL, 18),
(219, 'Gregoire', 'Isaac', 'Pisteur secouriste', 3992, 'CDI', '2007-08-19 00:00:00', '2019-03-31 00:00:00', 19),
(220, 'Blot', 'Alexandria', 'Menuisier', 3982, 'CDI', '1976-08-10 00:00:00', NULL, 20),
(221, 'Gilbert', 'Inès', 'Percepteur', 1748, 'CDI', '2005-04-28 00:00:00', NULL, 21),
(222, 'Marchand', 'Thomas', 'Conducteur de jumbo', 2889, 'Interim', '2020-03-20 00:00:00', NULL, 22),
(223, 'Chartier', 'Pierre', 'Eleveur de chats', 2989, 'CDI', '2012-01-16 00:00:00', NULL, 23),
(224, 'Maillot', 'Sébastien', 'Sertisseur', 2992, 'CDI', '2018-06-30 00:00:00', NULL, 24),
(225, 'Bouvier', 'Benjamin', 'Monteur de fermettes', 2012, 'CDD', '2015-07-17 00:00:00', '2008-07-22 00:00:00', 25),
(226, 'Delorme', 'Pénélope', 'Hydrothérapie', 2208, 'Interim', '2020-01-18 00:00:00', NULL, 26),
(227, 'Fontaine', 'Eugène', 'Dégustateur', 3337, 'CDI', '1989-08-10 00:00:00', NULL, 27),
(228, 'Lefort', 'Franck', 'Scannériste', 1747, 'CDI', '1974-05-14 00:00:00', NULL, 28),
(229, 'Bodin', 'Yves', 'Quincaillier', 2483, 'CDI', '1995-04-22 00:00:00', NULL, 29),
(230, 'Toussaint', 'Zacharie', 'Ingénieur halieute', 3828, 'CDI', '1976-03-16 00:00:00', NULL, 30),
(231, 'Torres', 'Arnaude', 'Facteur de secteur', 1992, 'CDD', '2004-04-02 00:00:00', NULL, 31),
(232, 'Reynaud', 'Claude', 'Archéologue', 3290, 'CDI', '1981-04-29 00:00:00', NULL, 32),
(233, 'Leconte', 'Étienne', 'Responsable de salle', 2453, 'CDI', '1993-08-23 00:00:00', NULL, 33),
(234, 'Reynaud', 'Thomas', 'Chansonnier', 3872, 'CDD', '1991-06-15 00:00:00', NULL, 34),
(235, 'Barthelemy', 'Joseph', 'Présentateur radio', 2732, 'CDI', '2014-09-22 00:00:00', NULL, 35),
(236, 'Bonneau', 'Hortense', 'Hydrothérapie', 2764, 'CDD', '1977-09-26 00:00:00', NULL, 36),
(237, 'Torres', 'Aimée', 'Fromager', 2427, 'CDI', '2011-06-15 00:00:00', NULL, 37),
(238, 'Boutin', 'Alexandre', 'Terminologue', 3065, 'CDD', '1993-02-14 00:00:00', '2014-05-02 00:00:00', 38),
(239, 'Moreno', 'Thibaut', 'Eleveur de volailles', 1417, 'Interim', '1970-03-21 00:00:00', NULL, 39),
(240, 'Mace', 'Stéphanie', 'Garçon de chenil', 1478, 'Interim', '2002-12-11 00:00:00', '1974-07-24 00:00:00', 40),
(241, 'Arnaud', 'Gabrielle', 'Géomètre', 1632, 'CDD', '1971-11-27 00:00:00', '2002-06-07 00:00:00', 41),
(242, 'Hardy', 'Emmanuelle', 'Archéologue', 2330, 'CDD', '1994-02-17 00:00:00', NULL, 42),
(243, 'Lesage', 'Laure', 'Gérant de tutelle', 1597, 'CDI', '1995-08-26 00:00:00', NULL, 43),
(244, 'Chevalier', 'Luc', 'Gériatre', 2654, 'CDI', '1989-06-29 00:00:00', NULL, 44),
(245, 'Gosselin', 'Philippe', 'Coutelier d\'art', 3058, 'CDI', '2009-10-04 00:00:00', NULL, 45),
(246, 'Baudry', 'Margot', 'Juge des enfants', 3007, 'CDI', '1972-06-23 00:00:00', NULL, 46),
(247, 'Poulain', 'Célina', 'Bûcheron', 1432, 'CDD', '1987-11-02 00:00:00', NULL, 47),
(248, 'Joseph', 'Pénélope', 'Assistant des ventes', 3682, 'CDI', '1972-03-01 00:00:00', '1981-08-29 00:00:00', 48),
(249, 'Fleury', 'Étienne', 'Elagueur-grimpeur', 3013, 'CDI', '1999-02-28 00:00:00', NULL, 49),
(250, 'Bernier', 'Luc', 'Cameraman', 2894, 'CDI', '1983-04-13 00:00:00', NULL, 50),
(251, 'Prevost', 'Alexandre', 'Facteur', 3081, 'CDI', '1999-07-07 00:00:00', '2011-05-28 00:00:00', 51),
(252, 'Grondin', 'Audrey', 'Artificier spectacle', 2690, 'CDI', '1982-08-30 00:00:00', NULL, 52),
(253, 'Raymond', 'Pauline', 'Miroitier', 3483, 'CDI', '1980-07-14 00:00:00', NULL, 53),
(254, 'Philippe', 'Robert', 'Miroitier', 3909, 'CDD', '2012-07-27 00:00:00', NULL, 54),
(255, 'Ramos', 'Louis', 'Extraction', 2660, 'CDD', '2001-12-03 00:00:00', NULL, 55),
(256, 'Baudry', 'Jacques', 'Façadier-ravaleur', 1612, 'CDI', '2012-07-02 00:00:00', NULL, 56),
(257, 'Muller', 'Marie', 'Technicien géomètre', 1776, 'CDI', '2014-11-01 00:00:00', '1998-06-11 00:00:00', 57),
(258, 'Grenier', 'Monique', 'Topographe', 3905, 'CDI', '2004-01-03 00:00:00', NULL, 58),
(259, 'Lacombe', 'Aurélie', 'Solier-moquettiste', 3194, 'CDD', '2019-05-04 00:00:00', NULL, 59),
(260, 'Reynaud', 'Audrey', 'Ingénieur halieute', 3243, 'CDI', '1986-12-02 00:00:00', NULL, 60),
(261, 'Traore', 'Renée', 'Garçon de chenil', 1400, 'CDD', '2001-05-01 00:00:00', NULL, 61),
(262, 'Vaillant', 'Yves', 'Sophrologue', 3537, 'CDD', '2000-08-12 00:00:00', NULL, 62),
(263, 'Petitjean', 'Bertrand', 'Quincaillier', 2519, 'CDI', '1996-05-09 00:00:00', '1983-04-05 00:00:00', 63),
(264, 'Julien', 'Monique', 'Caviste', 3143, 'CDD', '1988-03-26 00:00:00', NULL, 64),
(265, 'Potier', 'Laure', 'Copiste offset', 2108, 'CDI', '2019-08-08 00:00:00', NULL, 65),
(266, 'Foucher', 'Michelle', 'Commandant marine', 3969, 'CDD', '2016-08-01 00:00:00', NULL, 66),
(267, 'Chevallier', 'Dominique', 'Posticheur spectacle', 2269, 'CDD', '1994-05-20 00:00:00', NULL, 67),
(268, 'Gimenez', 'Julie', 'Animateur web', 1633, 'CDI', '2011-09-10 00:00:00', NULL, 68),
(269, 'Blanchard', 'Auguste', 'Essayeur-retoucheur', 2010, 'CDI', '2013-06-15 00:00:00', NULL, 69),
(270, 'Begue', 'Françoise', 'Fraiseur mouliste', 3567, 'CDI', '2000-09-22 00:00:00', NULL, 70),
(271, 'Fabre', 'Denise', 'Percepteur', 1306, 'CDI', '2009-06-18 00:00:00', NULL, 71),
(272, 'Blanchet', 'Xavier', 'Maïeuticien', 2456, 'CDD', '1989-09-12 00:00:00', NULL, 72),
(273, 'Poulain', 'Frédérique', 'Désamianteur', 3101, 'Interim', '1987-05-14 00:00:00', NULL, 73),
(274, 'Dufour', 'Joseph', 'Essayeur-retoucheur', 2637, 'Interim', '1974-06-16 00:00:00', '2014-08-25 00:00:00', 74),
(275, 'Sanchez', 'Nathalie', 'Opérateur vidéo', 2727, 'CDD', '1979-06-19 00:00:00', NULL, 75),
(276, 'Masson', 'Philippe', 'Comptable unique', 3109, 'CDI', '1982-08-02 00:00:00', '2002-04-19 00:00:00', 76),
(277, 'Thibault', 'Gérard', 'Testeur informatique', 2005, 'Interim', '1983-11-28 00:00:00', NULL, 77),
(278, 'Lacombe', 'Émile', 'Ingénieur du son', 2267, 'CDD', '2009-11-18 00:00:00', NULL, 78),
(279, 'Fernandez', 'Marcelle', 'Vendeur en lingerie', 2781, 'CDD', '1971-03-30 00:00:00', NULL, 79),
(280, 'Bouvier', 'Alfred', 'Aide à domicile', 2016, 'Interim', '2007-10-08 00:00:00', NULL, 80),
(281, 'Georges', 'Dorothée', 'Mouleur sable', 1446, 'CDD', '2015-02-16 00:00:00', NULL, 81),
(282, 'Leroy', 'Célina', 'Géomètre du cadastre', 1403, 'CDI', '1970-04-28 00:00:00', NULL, 82),
(283, 'Perret', 'Susanne', 'Logopède', 1851, 'CDI', '1980-01-15 00:00:00', NULL, 83),
(284, 'Raymond', 'Dominique', 'Commandant marine', 1860, 'CDD', '1998-06-29 00:00:00', NULL, 84),
(285, 'Bourdon', 'Sophie', 'Feutier', 1924, 'CDI', '2008-11-04 00:00:00', NULL, 85),
(286, 'Marin', 'Frédéric', 'Chromiste', 3568, 'CDD', '1978-02-10 00:00:00', NULL, 86),
(287, 'Colin', 'Marcelle', 'Garçon de chenil', 1342, 'Interim', '1990-03-03 00:00:00', NULL, 87),
(288, 'Boutin', 'Nathalie', 'Galeriste', 1647, 'CDI', '1994-09-10 00:00:00', NULL, 88),
(289, 'Roux', 'Martine', 'Opérateur du son', 3822, 'CDI', '1977-05-04 00:00:00', '1994-10-27 00:00:00', 89),
(290, 'Lefevre', 'Henri', 'Facteur de secteur', 1416, 'Interim', '1984-04-28 00:00:00', NULL, 90),
(291, 'Clerc', 'Noël', 'Gendarme mobile', 2300, 'CDI', '1974-05-07 00:00:00', '1999-02-06 00:00:00', 91),
(292, 'Lacombe', 'Véronique', 'Elagueur-grimpeur', 3176, 'CDI', '1993-10-02 00:00:00', NULL, 92),
(293, 'Bertin', 'Hélène', 'Agent d\'accueil', 1311, 'CDD', '1993-08-16 00:00:00', NULL, 93),
(294, 'Marie', 'Gabrielle', 'Pyrotechnicien', 2758, 'CDI', '2004-01-11 00:00:00', NULL, 94),
(295, 'Bourdon', 'Paul', 'Embouteilleur', 1955, 'CDI', '2002-02-19 00:00:00', NULL, 95),
(296, 'Boyer', 'Margot', 'Posticheur spectacle', 1509, 'Interim', '1991-09-24 00:00:00', NULL, 96),
(297, 'Gaudin', 'Nicole', 'Convoyeur garde', 2182, 'CDI', '2010-11-08 00:00:00', NULL, 97),
(298, 'Delattre', 'Frédérique', 'Mouliste drapeur', 1659, 'CDI', '1999-04-05 00:00:00', NULL, 98),
(299, 'Pruvost', 'Stéphanie', 'Data manager', 3335, 'CDI', '1976-07-18 00:00:00', NULL, 99),
(300, 'Duhamel', 'Caroline', 'Régleur funéraire', 2974, 'CDI', '2018-10-09 00:00:00', NULL, 100);

-- --------------------------------------------------------

--
-- Structure de la table `project`
--

CREATE TABLE `project` (
  `id` int(11) NOT NULL,
  `shortname` varchar(10) DEFAULT NULL,
  `fullname` varchar(70) NOT NULL,
  `type` varchar(45) DEFAULT NULL,
  `started` datetime NOT NULL,
  `customer_id` int(11) NOT NULL
) ENGINE=InnoDB DEFAULT CHARSET=utf8mb4;

--
-- Déchargement des données de la table `project`
--

INSERT INTO `project` (`id`, `shortname`, `fullname`, `type`, `started`, `customer_id`) VALUES
(1, 'THéODOR', 'Théodore Ferreira', 'Sous-traitance', '2015-01-16 00:00:00', 79),
(2, 'ANDRéC', 'André Colin', 'Sous-traitance', '2013-09-06 00:00:00', 26),
(3, 'DAVIDDE', 'David de Schmitt', 'Conseil', '1990-12-31 00:00:00', 11),
(4, 'ROLANDL', 'Roland Lopez', 'Sous-traitance', '1973-11-12 00:00:00', 56),
(5, 'RENéBI', 'René Bigot', 'Sous-traitance', '2007-10-21 00:00:00', 89),
(6, 'THOMASD', 'Thomas de la Lacroix', 'Sous-traitance', '1975-06-25 00:00:00', 80),
(7, 'MAGGIE-N', 'Maggie-Nathalie Poirier', 'Sous-traitance', '2002-01-25 00:00:00', 93),
(8, 'OCéANE', 'Océane Robert-Arnaud', 'Développement', '1991-02-22 00:00:00', 33),
(9, 'ISAACBE', 'Isaac Becker', 'Développement', '1993-10-30 00:00:00', 15),
(10, 'ISAACGI', 'Isaac Gilles', 'Sous-traitance', '2013-08-09 00:00:00', 35),
(11, 'ÉTIENNE', 'Étienne Leduc', 'Conseil', '1986-07-15 00:00:00', 69),
(12, 'SUZANNE-', 'Suzanne-Suzanne Grenier', 'Développement', '1997-01-11 00:00:00', 33),
(13, 'THéOPHI', 'Théophile de la Da Costa', 'Développement', '1997-01-28 00:00:00', 62),
(14, 'AUGUSTIN', 'Augustin-Michel Allard', 'Conseil', '1994-12-20 00:00:00', 93),
(15, 'HENRIMA', 'Henri Martinez', 'Sous-traitance', '2007-04-25 00:00:00', 3),
(16, 'DANIELG', 'Daniel Gros', 'Sous-traitance', '2004-02-08 00:00:00', 32),
(17, 'PIERREM', 'Pierre Martel', 'Développement', '1987-02-11 00:00:00', 17),
(18, 'LUCEDU', 'Luce du Bouvet', 'Sous-traitance', '2005-01-08 00:00:00', 74),
(19, 'JOSéPHI', 'Joséphine Deschamps', 'Sous-traitance', '1990-11-03 00:00:00', 47),
(20, 'FRéDéR', 'Frédéric du Maillard', 'Conseil', '1992-07-27 00:00:00', 12),
(21, 'ZACHARIE', 'Zacharie Grenier-Lombard', 'Sous-traitance', '1976-09-14 00:00:00', 18),
(22, 'HENRIDE', 'Henri de la Boutin', 'Développement', '2014-10-28 00:00:00', 77),
(23, 'THOMASG', 'Thomas Guilbert', 'Développement', '2018-11-28 00:00:00', 95),
(24, 'ÉLISEP', 'Élise Perrot', 'Sous-traitance', '1984-07-27 00:00:00', 47),
(25, 'ÉRICRO', 'Éric Rousseau', 'Sous-traitance', '2015-07-16 00:00:00', 24),
(26, 'DAVIDMA', 'David Marchal', 'Conseil', '2017-05-20 00:00:00', 7),
(27, 'LOUISFA', 'Louis Faure', 'Développement', '1992-07-08 00:00:00', 53),
(28, 'AGNèSF', 'Agnès Fabre', 'Conseil', '1974-10-17 00:00:00', 58),
(29, 'JOSéPHI', 'Joséphine Mary', 'Développement', '2017-04-25 00:00:00', 61),
(30, 'VéRONIQ', 'Véronique de Coulon', 'Sous-traitance', '1998-01-26 00:00:00', 65),
(31, 'STéPHAN', 'Stéphane Pires', 'Développement', '1996-09-07 00:00:00', 26),
(32, 'HONORé', 'Honoré Weber', 'Développement', '1984-03-05 00:00:00', 46),
(33, 'GABRIELL', 'Gabrielle Lamy', 'Sous-traitance', '2012-09-11 00:00:00', 12),
(34, 'LUCYBOU', 'Lucy Bourdon', 'Développement', '2012-01-11 00:00:00', 36),
(35, 'AIMéDE', 'Aimé de la De Sousa', 'Conseil', '2019-11-22 00:00:00', 35),
(36, 'JéRôME', 'Jérôme de la Meunier', 'Sous-traitance', '2017-01-08 00:00:00', 97),
(37, 'CHRISTIN', 'Christine Alves', 'Conseil', '2012-05-19 00:00:00', 49),
(38, 'ÉDOUARD', 'Édouard Guerin', 'Conseil', '1984-06-25 00:00:00', 87),
(39, 'INèSBO', 'Inès Boulay', 'Sous-traitance', '2006-06-19 00:00:00', 38),
(40, 'MARCELLE', 'Marcelle Langlois', 'Développement', '2007-11-24 00:00:00', 12),
(41, 'LUCASDE', 'Lucas de la Pierre', 'Conseil', '1980-06-28 00:00:00', 44),
(42, 'ROBERTA', 'Robert Adam', 'Sous-traitance', '1999-08-18 00:00:00', 62),
(43, 'ANAïSD', 'Anaïs de Meyer', 'Conseil', '1983-02-25 00:00:00', 66),
(44, 'MARTINB', 'Martin Benard', 'Développement', '2015-11-12 00:00:00', 75),
(45, 'ÉMILIE', 'Émilie Torres', 'Développement', '1995-09-12 00:00:00', 30),
(46, 'INèSDE', 'Inès Delattre', 'Sous-traitance', '1994-09-13 00:00:00', 98),
(47, 'MARGAUX', 'Margaux Marty', 'Développement', '1976-05-19 00:00:00', 72),
(48, 'HUGUESL', 'Hugues Lefort', 'Sous-traitance', '2007-12-23 00:00:00', 1),
(49, 'GABRIEL', 'Gabriel de la Royer', 'Développement', '1975-05-04 00:00:00', 6),
(50, 'MATTHIEU', 'Matthieu Fouquet', 'Développement', '1994-10-10 00:00:00', 80),
(51, 'ÉMILEB', 'Émile Bodin', 'Conseil', '2011-06-10 00:00:00', 3),
(52, 'CLAUDER', 'Claude Ramos', 'Sous-traitance', '1987-05-30 00:00:00', 97),
(53, 'CHRISTOP', 'Christophe de Mercier', 'Conseil', '1994-09-20 00:00:00', 51),
(54, 'TIMOTHé', 'Timothée Lagarde-Pineau', 'Conseil', '1988-03-09 00:00:00', 83),
(55, 'JEAN-BEN', 'Jean-Benjamin Cordier', 'Conseil', '2017-04-21 00:00:00', 70),
(56, 'DANIELLE', 'Danielle Delorme', 'Développement', '2006-06-18 00:00:00', 7),
(57, 'MARCDEL', 'Marc Delorme-Pottier', 'Sous-traitance', '2007-03-19 00:00:00', 80),
(58, 'FRéDéR', 'Frédéric Turpin', 'Sous-traitance', '1996-03-05 00:00:00', 53),
(59, 'ZACHARIE', 'Zacharie du Noel', 'Développement', '1981-09-08 00:00:00', 90),
(60, 'OLIVIER', 'Olivier Monnier', 'Développement', '2005-01-11 00:00:00', 83),
(61, 'ADèLEP', 'Adèle Perrier-Clement', 'Développement', '2011-07-13 00:00:00', 73),
(62, 'MICHELLE', 'Michelle Guillaume', 'Conseil', '2003-03-02 00:00:00', 84),
(63, 'FRANCKG', 'Franck Guibert', 'Développement', '2006-06-12 00:00:00', 78),
(64, 'ROLANDR', 'Roland Rocher', 'Conseil', '2009-06-24 00:00:00', 15),
(65, 'LAETITIA', 'Laetitia Lebrun', 'Développement', '1995-04-14 00:00:00', 85),
(66, 'MARGAUX', 'Margaux Vallet', 'Sous-traitance', '1974-12-30 00:00:00', 76),
(67, 'AURéLIE', 'Aurélie de Besson', 'Développement', '1976-08-19 00:00:00', 71),
(68, 'FRANCKB', 'Franck Brunet', 'Développement', '2020-05-21 00:00:00', 33),
(69, 'BENJAMIN', 'Benjamin Normand-Auger', 'Conseil', '1993-06-02 00:00:00', 48),
(70, 'BERTRAND', 'Bertrand Richard', 'Conseil', '2011-04-04 00:00:00', 92),
(71, 'AIMéED', 'Aimée Dupuis', 'Conseil', '2019-11-11 00:00:00', 77),
(72, 'VINCENT', 'Vincent Gaillard', 'Conseil', '2002-08-16 00:00:00', 76),
(73, 'JOSEPHK', 'Joseph Klein', 'Conseil', '1976-07-10 00:00:00', 2),
(74, 'GABRIEL', 'Gabriel Gomes', 'Conseil', '1977-11-25 00:00:00', 3),
(75, 'CAROLINE', 'Caroline Couturier-Teixeira', 'Sous-traitance', '1983-09-21 00:00:00', 18),
(76, 'OLIVIER', 'Olivier Devaux-Guillon', 'Conseil', '2020-06-23 00:00:00', 37),
(77, 'ALPHONSE', 'Alphonse Hubert', 'Sous-traitance', '1995-11-25 00:00:00', 58),
(78, 'ANDRéR', 'André Rousset', 'Sous-traitance', '1996-12-05 00:00:00', 5),
(79, 'ALEXANDR', 'Alexandre Gerard-Raynaud', 'Sous-traitance', '1994-03-13 00:00:00', 99),
(80, 'MARIANNE', 'Marianne du Guillot', 'Conseil', '1972-02-08 00:00:00', 49),
(81, 'XAVIERG', 'Xavier Gomes', 'Développement', '2002-05-09 00:00:00', 86),
(82, 'GUYCARL', 'Guy Carlier', 'Sous-traitance', '2001-03-27 00:00:00', 53),
(83, 'ZACHARIE', 'Zacharie Bonnin', 'Développement', '1974-10-31 00:00:00', 13),
(84, 'DOMINIQU', 'Dominique De Oliveira-Blanchet', 'Sous-traitance', '2012-05-10 00:00:00', 10),
(85, 'GRéGOIR', 'Grégoire Richard-Sanchez', 'Développement', '1987-03-02 00:00:00', 45),
(86, 'ADRIEND', 'Adrien du Mary', 'Conseil', '2012-12-22 00:00:00', 9),
(87, 'LUCASLA', 'Lucas Laporte', 'Conseil', '2016-10-17 00:00:00', 23),
(88, 'MICHELP', 'Michel Pascal', 'Conseil', '1977-10-04 00:00:00', 43),
(89, 'HéLèNE', 'Hélène Moulin', 'Développement', '1996-09-28 00:00:00', 12),
(90, 'TRISTAN', 'Tristan Charles', 'Sous-traitance', '2002-04-25 00:00:00', 23),
(91, 'RENéEL', 'Renée Le Henry', 'Développement', '2015-10-16 00:00:00', 33),
(92, 'SUSANNE', 'Susanne Lebon', 'Développement', '1982-07-01 00:00:00', 7),
(93, 'SYLVIE-C', 'Sylvie-Corinne Dupuy', 'Conseil', '1995-06-23 00:00:00', 40),
(94, 'STéPHAN', 'Stéphane-Roland Texier', 'Développement', '2000-11-15 00:00:00', 51),
(95, 'RICHARD-', 'Richard-Henri Lambert', 'Développement', '1983-03-14 00:00:00', 90),
(96, 'CAPUCINE', 'Capucine Guyon', 'Développement', '1987-01-24 00:00:00', 22),
(97, 'DENISER', 'Denise Ribeiro', 'Sous-traitance', '2017-05-18 00:00:00', 96),
(98, 'NICOLAS', 'Nicolas Le Alexandre', 'Conseil', '2014-08-02 00:00:00', 52),
(99, 'PATRICK-', 'Patrick-Théodore Gillet', 'Sous-traitance', '1984-11-27 00:00:00', 12),
(100, 'CHRISTEL', 'Christelle Valentin', 'Développement', '1995-12-24 00:00:00', 1),
(101, 'LUCASCH', 'Lucas Chartier-Raymond', 'Sous-traitance', '1972-08-03 00:00:00', 28);

-- --------------------------------------------------------

--
-- Structure de la table `project_employee`
--

CREATE TABLE `project_employee` (
  `project_id` int(11) NOT NULL,
  `employee_id` int(11) NOT NULL
) ENGINE=InnoDB DEFAULT CHARSET=utf8mb4;

--
-- Déchargement des données de la table `project_employee`
--

INSERT INTO `project_employee` (`project_id`, `employee_id`) VALUES
(1, 217),
(1, 256),
(1, 249),
(1, 271),
(1, 263),
(2, 269),
(2, 262),
(2, 206),
(2, 218),
(2, 224),
(3, 282),
(3, 286),
(3, 285),
(3, 277),
(3, 281),
(4, 297),
(4, 221),
(4, 285),
(4, 266),
(4, 225),
(5, 286),
(5, 206),
(5, 257),
(5, 250),
(5, 209),
(6, 260),
(6, 259),
(6, 205),
(6, 299),
(6, 275),
(7, 279),
(7, 251),
(7, 292),
(7, 269),
(7, 201),
(8, 288),
(8, 288),
(8, 204),
(8, 257),
(8, 287),
(9, 214),
(9, 281),
(9, 268),
(9, 250),
(9, 260),
(10, 216),
(10, 248),
(10, 256),
(10, 265),
(10, 293),
(11, 286),
(11, 219),
(11, 285),
(11, 243),
(11, 263),
(12, 247),
(12, 224),
(12, 263),
(12, 297),
(12, 263),
(13, 249),
(13, 298),
(13, 297),
(13, 260),
(13, 272),
(14, 208),
(14, 262),
(14, 203),
(14, 250),
(14, 273),
(15, 211),
(15, 214),
(15, 294),
(15, 277),
(15, 227),
(16, 242),
(16, 287),
(16, 281),
(16, 254),
(16, 206),
(17, 230),
(17, 244),
(17, 256),
(17, 270),
(17, 294),
(18, 225),
(18, 265),
(18, 294),
(18, 224),
(18, 284),
(19, 202),
(19, 289),
(19, 266),
(19, 241),
(19, 293),
(20, 230),
(20, 216),
(20, 262),
(20, 225);

-- --------------------------------------------------------

--
-- Structure de la table `user`
--

CREATE TABLE `user` (
  `id` int(11) NOT NULL,
  `login` varchar(45) NOT NULL,
  `password` varchar(255) NOT NULL,
  `role` varchar(45) DEFAULT NULL,
  `email` varchar(100) NOT NULL
) ENGINE=InnoDB DEFAULT CHARSET=utf8mb4;

--
-- Déchargement des données de la table `user`
--

INSERT INTO `user` (`id`, `login`, `password`, `role`, `email`) VALUES
(1, 'Timothée', '0Ac^@Hm$P@)8q5q`_ML', 'Commercial', 'dupre.frederique@sfr.fr'),
(2, 'Alexandre', 'K4+*)it', 'RC', 'claire.desousa@tiscali.fr'),
(3, 'Éric', 'V^(NDb2/~-}cS,O+,F\\', 'Commercial', 'ysimon@wanadoo.fr'),
(4, 'Noël', 'Z*8yEfg(;0b1', 'Employé', 'christelle.petit@vallee.com'),
(5, 'Alain', ':gQ_|aufs>3Z', 'Chef de Projet', 'umonnier@voila.fr'),
(6, 'Édouard', ')b&+5ORWB', 'Visiteur', 'bhernandez@michel.org'),
(7, 'Yves', 'tY]St:R!|T<Y$^0S]NDe', 'RH', 'richard.genevieve@rocher.net'),
(8, 'Tristan', 'bZK;zKZ?(N+3VTK|o)7$', 'Employé', 'lenoir.benjamin@sfr.fr'),
(9, 'Jules', 'fX1h3d-%I]kU{', 'Commercial', 'ggirard@wanadoo.fr'),
(10, 'Agathe', ':D\\}U,~k~jL', 'RC', 'olanglois@ifrance.com'),
(11, 'Alix', 'GPVLjxe:sx', 'Employé', 'bouvet.maryse@perrot.net'),
(12, 'Hugues', 'TF^W~8p', 'Chef de Projet', 'mgoncalves@daniel.com'),
(13, 'André', '{0;;zf$%2[`:j2\"', 'RH', 'gremy@hotmail.fr'),
(14, 'Susanne', '-Hnz\'O3Tofg4:G', 'RH', 'ncolin@sfr.fr'),
(15, 'Dorothée', '-\';aY7a1K*Q~}CyN2', 'Visiteur', 'kpires@perez.fr'),
(16, 'Rémy', '\'naI<%iUcB^dwt', 'RH', 'suzanne53@mahe.com'),
(17, 'Tristan', '4Sg)NKfPFu(', 'Employé', 'matthieu.garnier@masson.fr'),
(18, 'David', 'ANf}$O%w', 'Commercial', 'xhamel@bouchet.fr'),
(19, 'Margaux', 'WL4Ob!:%_aq<5HeS0K', 'Chef de Projet', 'nicolas.adrien@bouygtel.fr'),
(20, 'Martine', 'q^FEWNPbpB!x\\2Ka', 'Commercial', 'christiane.raymond@perez.fr'),
(21, 'Thibault', '%S7g5dEbCR%Jn', 'Employé', 'diane.desousa@techer.fr'),
(22, 'Antoine', 's4}tv8*Q]_t+&]$', 'Visiteur', 'dorothee.weber@live.com'),
(23, 'Laetitia', '^WA:yn$)^In(', 'RC', 'julie23@perrot.fr'),
(24, 'Valérie', '18OhL\'z]%-zO@0r~\'X?', 'RH', 'cdaniel@gmail.com'),
(25, 'François', 'e@qI}@OGs2|c03', 'Visiteur', 'francois.alfred@bouygtel.fr'),
(26, 'Anastasie', ';3n?B;/Q}:lo3)', 'Commercial', 'juliette97@gmail.com'),
(27, 'Charles', ':(>0e!m-k0ag', 'Visiteur', 'xprevost@tiscali.fr'),
(28, 'Renée', '.ja\\h\\q:4', 'Visiteur', 'margot06@germain.fr'),
(29, 'Nicole', '9xFeNh\'e', 'RH', 'auguste.roux@begue.org'),
(30, 'Joseph', 'ggXrs|?-Qz2q%q9GxLW', 'RH', 'denis.gaillard@marchand.fr'),
(31, 'Jean', 'GTv~e;CC', 'RC', 'rey.adelaide@barthelemy.com'),
(32, 'Nathalie', 'THr{N]VGk4Q', 'Employé', 'alexandre.charrier@free.fr'),
(33, 'Jérôme', 'snjU+XChU4', 'RH', 'dubois.gilles@sfr.fr'),
(34, 'Lucie', '3i+0DAF98vG]B[', 'Visiteur', 'kantoine@sfr.fr'),
(35, 'Jacques', 'V`Oe:e', 'Commercial', 'omorvan@toussaint.com'),
(36, 'Marianne', 'O[R2V^m.', 'Chef de Projet', 'oceane68@dias.com'),
(37, 'Franck', 'sjHY1J${K%mEC{}TsF`', 'Chef de Projet', 'cousin.marguerite@renault.com'),
(38, 'Pierre', 'ZWST/U.3|JsVOtP(FfZm', 'Chef de Projet', 'troche@sfr.fr'),
(39, 'Pénélope', 'e$-\"=:%', 'Employé', 'stephanie.michel@free.fr'),
(40, 'Gilles', '3Hi\\=:E>}OOUCK', 'Visiteur', 'christine.marie@perrot.org'),
(41, 'Anastasie', '+Q))=z{<.U', 'Employé', 'igros@renaud.fr'),
(42, 'Zoé', 'io^\\4KRd.RR', 'RH', 'wfrancois@gaillard.fr'),
(43, 'Bernard', '/?`8606z\\oZ{^~IN[R<', 'Commercial', 'carlier.camille@evrard.com'),
(44, 'Emmanuel', 'a)??[N(W,U~wEwO*Gm7', 'Commercial', 'duhamel.dominique@voila.fr'),
(45, 'Véronique', 'Qu~;fX&^M', 'Visiteur', 'mlefevre@meunier.com'),
(46, 'Philippe', '+[5{Zy{T#a', 'Employé', 'adele.didier@wanadoo.fr'),
(47, 'Pauline', '5AGXo5xEDC5zq;}P', 'Chef de Projet', 'coulon.gilbert@orange.fr'),
(48, 'Étienne', '\"MZb/soTT', 'Employé', 'sylvie70@orange.fr'),
(49, 'Michelle', 'zV}J\'E', 'Commercial', 'dcharles@wanadoo.fr'),
(50, 'Gilles', '+bqau3mi+WF', 'Chef de Projet', 'dominique.collet@delattre.net'),
(51, 'Bernard', 'e`GO+~?v]S_a', 'Chef de Projet', 'patrick55@blin.com'),
(52, 'Audrey', 'h\"Rjv`L', 'Visiteur', 'voisin.laurence@free.fr'),
(53, 'Olivier', 'uu!(S1', 'Visiteur', 'michelle.marty@imbert.net'),
(54, 'Raymond', 'HRX,obCSV', 'RC', 'genevieve.millet@riou.com'),
(55, 'Dorothée', ';B0oD\'sq!Lu4bh3vse', 'Commercial', 'margaux.breton@carpentier.com'),
(56, 'Anouk', 'KM])k6a\\:Xq*7rPl', 'Commercial', 'hortense.huet@dbmail.com'),
(57, 'Hugues', 'Ehp6}DU!mZ0opa', 'RH', 'cecile09@auger.fr'),
(58, 'Josette', 'AlL~VGkD_\'K,s\\X', 'Commercial', 'jean57@club-internet.fr'),
(59, 'Lucy', 's,pgB,rQQKD@LTle3I4', 'RC', 'thomas.bouchet@ifrance.com'),
(60, 'Marcel', 'y9(AEiE', 'RC', 'benoit67@marie.com'),
(61, 'Benoît', '%]L[%!\'s1{M&O]PZZ57E', 'RC', 'nmonnier@yahoo.fr'),
(62, 'Marine', 'D*Ez1=-.|J]u-pM99X', 'Visiteur', 'bernard.colin@dbmail.com'),
(63, 'Julie', 'Qqx@sD', 'Commercial', 'zchauvet@riou.com'),
(64, 'Guillaume', ')K1ywlyq-.F', 'Commercial', 'denis.frederique@dbmail.com'),
(65, 'Julien', 'k:WKa<', 'RC', 'poirier.maryse@club-internet.fr'),
(66, 'Luce', '>7sK2;=', 'Commercial', 'christophe.labbe@legall.com'),
(67, 'Arthur', 'z+;gUfxIKZ0Ur/*mI{UO', 'Commercial', 'franck99@gimenez.net'),
(68, 'Margaret', 'Y.c_B5H\'X/`', 'RH', 'muller.helene@tiscali.fr'),
(69, 'Élodie', '=N03W@ecxA+Xq_5@)\\<+', 'Commercial', 'frederic.pascal@free.fr'),
(70, 'Nicolas', '.?nk63h{|Ek)k%z>)', 'Employé', 'camille.moulin@leduc.fr'),
(71, 'Laurence', '\\7A0`.j1', 'RC', 'tristan81@chauvet.com'),
(72, 'Margaux', 'Jz+s|rrXkv1v4(2', 'Visiteur', 'marianne32@leveque.com'),
(73, 'Stéphanie', '?q_r.ToG>\\N_6', 'Commercial', 'guyot.vincent@tele2.fr'),
(74, 'Cécile', '#^:#Fo+$M,+1=oya', 'RC', 'alphonse38@free.fr'),
(75, 'Chantal', '\"3:((wNBP|+rcMOuOIf', 'Employé', 'dfrancois@parent.fr'),
(76, 'Thérèse', '@MGTp>B', 'Employé', 'lferreira@tele2.fr'),
(77, 'Victor', 'MAaCtm7&j#iA(Y=H,EHD', 'Chef de Projet', 'guillon.martine@orange.fr'),
(78, 'Élisabeth', 'y\"j(RM3zhW,`{j;i6', 'RC', 'noel.normand@dbmail.com'),
(79, 'Étienne', 'xSCiv_y?ywF?F$S/I+pA', 'Chef de Projet', 'lucas.arthur@bouygtel.fr'),
(80, 'Martin', '%v(u`]EYyxI`Zz:ZZ', 'Employé', 'nguyon@hotmail.fr'),
(81, 'Renée', 'l;%9=k9H?:S3vM%WN9g', 'Visiteur', 'xguichard@laposte.net'),
(82, 'François', 'o@onbC.', 'Commercial', 'helene67@fischer.net'),
(83, 'Claudine', '#$8u\'\"D=vB9=t&QCw\"M', 'RH', 'guy58@voila.fr'),
(84, 'Rémy', 'se?2gEGd#ho', 'Chef de Projet', 'gabrielle47@orange.fr'),
(85, 'Olivie', '<LSi~$k!', 'Visiteur', 'bperez@baudry.fr'),
(86, 'Marc', '{)Skz?', 'Chef de Projet', 'augustin08@david.net'),
(87, 'Stéphane', 'j@oa@UEtQ$Ff{', 'Employé', 'adrienne.bailly@ifrance.com'),
(88, 'Margaud', 'eBA*;9e2:.iC', 'Employé', 'manon82@hoarau.fr'),
(89, 'Alix', 'CrXsKd', 'Employé', 'marcelle.boucher@jacob.com'),
(90, 'Guy', '\\/dzuX<^', 'RC', 'urolland@tiscali.fr'),
(91, 'Isabelle', 'OWnU(6.D', 'Employé', 'vlecomte@voila.fr'),
(92, 'Gérard', 'uE>,m.S[97+i^FH', 'Chef de Projet', 'olivie.couturier@dbmail.com'),
(93, 'Suzanne', '<TI]*M:7yy\\ks!*~;!{5', 'Commercial', 'denise20@gilbert.com'),
(94, 'Diane', 'qC>F%+R', 'Chef de Projet', 'oceane.vincent@guillon.com'),
(95, 'Lucy', 'Xn\",EvVwgs`/olH,', 'Employé', 'alexandre93@gilles.fr'),
(96, 'Dominique', 'B%F7>+hCZ6b$o', 'Visiteur', 'talbert@fournier.fr'),
(97, 'Honoré', 'O9#$bjJ*]J{', 'RH', 'daniel.techer@guillet.com'),
(98, 'Suzanne', '~|U\\s(-L2', 'RH', 'valerie.clement@gomes.net'),
(99, 'Robert', 'X0RvXF', 'Chef de Projet', 'fbriand@voila.fr'),
(100, 'Amélie', '&[\"&/U,w@.^o}}', 'Commercial', 'salmon.adele@noos.fr');

--
-- Index pour les tables déchargées
--

--
-- Index pour la table `contact`
--
ALTER TABLE `contact`
  ADD PRIMARY KEY (`id`),
  ADD KEY `fk_contact_customer_idx` (`customer_id`) USING BTREE;

--
-- Index pour la table `customer`
--
ALTER TABLE `customer`
  ADD PRIMARY KEY (`id`);

--
-- Index pour la table `document`
--
ALTER TABLE `document`
  ADD PRIMARY KEY (`id`),
  ADD KEY `fk_document_contact1_idx` (`contact_id`);

--
-- Index pour la table `employee`
--
ALTER TABLE `employee`
  ADD PRIMARY KEY (`id`),
  ADD KEY `fk_employee_user_idx` (`user_id`) USING BTREE;

--
-- Index pour la table `project`
--
ALTER TABLE `project`
  ADD PRIMARY KEY (`id`),
  ADD KEY `fk_project_client1_idx` (`customer_id`);

--
-- Index pour la table `project_employee`
--
ALTER TABLE `project_employee`
  ADD KEY `fk_project` (`project_id`),
  ADD KEY `fk_employee` (`employee_id`);

--
-- Index pour la table `user`
--
ALTER TABLE `user`
  ADD PRIMARY KEY (`id`);

--
-- AUTO_INCREMENT pour les tables déchargées
--

--
-- AUTO_INCREMENT pour la table `contact`
--
ALTER TABLE `contact`
  MODIFY `id` int(11) NOT NULL AUTO_INCREMENT, AUTO_INCREMENT=101;

--
-- AUTO_INCREMENT pour la table `customer`
--
ALTER TABLE `customer`
  MODIFY `id` int(11) NOT NULL AUTO_INCREMENT, AUTO_INCREMENT=101;

--
-- AUTO_INCREMENT pour la table `document`
--
ALTER TABLE `document`
  MODIFY `id` int(11) NOT NULL AUTO_INCREMENT, AUTO_INCREMENT=201;

--
-- AUTO_INCREMENT pour la table `employee`
--
ALTER TABLE `employee`
  MODIFY `id` int(11) NOT NULL AUTO_INCREMENT, AUTO_INCREMENT=301;

--
-- AUTO_INCREMENT pour la table `project`
--
ALTER TABLE `project`
  MODIFY `id` int(11) NOT NULL AUTO_INCREMENT, AUTO_INCREMENT=102;

--
-- AUTO_INCREMENT pour la table `user`
--
ALTER TABLE `user`
  MODIFY `id` int(11) NOT NULL AUTO_INCREMENT, AUTO_INCREMENT=101;

--
-- Contraintes pour les tables déchargées
--

--
-- Contraintes pour la table `contact`
--
ALTER TABLE `contact`
  ADD CONSTRAINT `fk_contact_client` FOREIGN KEY (`customer_id`) REFERENCES `customer` (`id`) ON DELETE NO ACTION ON UPDATE NO ACTION;

--
-- Contraintes pour la table `document`
--
ALTER TABLE `document`
  ADD CONSTRAINT `fk_document_contact1` FOREIGN KEY (`contact_id`) REFERENCES `contact` (`id`) ON DELETE NO ACTION ON UPDATE NO ACTION;

--
-- Contraintes pour la table `employee`
--
ALTER TABLE `employee`
  ADD CONSTRAINT `fk_employee_user_idx` FOREIGN KEY (`user_id`) REFERENCES `user` (`id`);

--
-- Contraintes pour la table `project`
--
ALTER TABLE `project`
  ADD CONSTRAINT `fk_project_client1` FOREIGN KEY (`customer_id`) REFERENCES `customer` (`id`) ON DELETE NO ACTION ON UPDATE NO ACTION;

--
-- Contraintes pour la table `project_employee`
--
ALTER TABLE `project_employee`
  ADD CONSTRAINT `fk_employee` FOREIGN KEY (`employee_id`) REFERENCES `employee` (`id`),
  ADD CONSTRAINT `fk_project` FOREIGN KEY (`project_id`) REFERENCES `project` (`id`);
COMMIT;

/*!40101 SET CHARACTER_SET_CLIENT=@OLD_CHARACTER_SET_CLIENT */;
/*!40101 SET CHARACTER_SET_RESULTS=@OLD_CHARACTER_SET_RESULTS */;
/*!40101 SET COLLATION_CONNECTION=@OLD_COLLATION_CONNECTION */;
